번호,개방서비스명,개방서비스아이디,개방자치단체코드,관리번호,인허가일자,영업상태구분코드,영업상태명,상세영업상태코드,상세영업상태명,폐업일자,상세영업상태변경일자,소재지전체주소,도로명전체주소,사업장명,업태구분명,객실수
1,농어촌민박업,03_11_00_P,6500000,SAMPLE-00001,20160428,3,폐업,01,폐업,20190815,20190815,제주특별자치도 제주시 조천읍 25,제주특별자치도 제주시 표본로 95,[샘플]조천읍숙소0001,,8
2,관광숙박업,03_11_00_P,6500000,SAMPLE-00002,20191023,1,영업/정상,01,영업/정상,,20191023,제주특별자치도 제주시 일도이동 457,제주특별자치도 제주시 표본로 209,[샘플]일도이동숙소0002,,12
3,농어촌민박업,03_11_00_P,6500000,SAMPLE-00003,20231016,1,영업/정상,01,영업/정상,,20231016,제주특별자치도 제주시 연동 565,제주특별자치도 제주시 표본로 254,[샘플]연동숙소0003,,3
4,농어촌민박업,03_11_00_P,6500000,SAMPLE-00004,20260520,1,영업/정상,01,영업/정상,,20260520,제주특별자치도 서귀포시 대륜동 1721,제주특별자치도 서귀포시 표본로 187,[샘플]대륜동숙소0004,,5
5,농어촌민박업,03_11_00_P,6500000,SAMPLE-00005,20260602,1,영업/정상,01,영업/정상,,20260602,제주특별자치도 서귀포시 중문동 701,제주특별자치도 서귀포시 표본로 175,[샘플]중문동숙소0005,,6
6,농어촌민박업,03_11_00_P,6500000,SAMPLE-00006,20161221,3,폐업,01,폐업,20171120,20171120,제주특별자치도 제주시 조천읍 951,제주특별자치도 제주시 표본로 163,[샘플]조천읍숙소0006,,9
7,숙박업,03_11_00_P,6500000,SAMPLE-00007,20220805,1,영업/정상,01,영업/정상,,20220805,제주특별자치도 서귀포시 남원읍 1258,제주특별자치도 서귀포시 표본로 285,[샘플]남원읍숙소0007,,9
8,농어촌민박업,03_11_00_P,6500000,SAMPLE-00008,20180723,3,폐업,01,폐업,20210211,20210211,제주특별자치도 서귀포시 서홍동 95,제주특별자치도 서귀포시 표본로 249,[샘플]서홍동숙소0008,,4
9,숙박업,03_11_00_P,6500000,SAMPLE-00009,20200117,3,폐업,01,폐업,20211122,20211122,제주특별자치도 제주시 노형동 1297,제주특별자치도 제주시 표본로 290,[샘플]노형동숙소0009,,10
10,농어촌민박업,03_11_00_P,6500000,SAMPLE-00010,20241201,1,영업/정상,01,영업/정상,,20241201,제주특별자치도 서귀포시 남원읍 272,제주특별자치도 서귀포시 표본로 106,[샘플]남원읍숙소0010,,1
11,농어촌민박업,03_11_00_P,6500000,SAMPLE-00011,20210528,3,폐업,01,폐업,20250128,20250128,제주특별자치도 제주시 한경면 1540,제주특별자치도 제주시 표본로 13,[샘플]한경면숙소0011,,9
12,농어촌민박업,03_11_00_P,6500000,SAMPLE-00012,20250103,1,영업/정상,01,영업/정상,,20250103,제주특별자치도 제주시 한림읍 1911,제주특별자치도 제주시 표본로 216,[샘플]한림읍숙소0012,,11
13,농어촌민박업,03_11_00_P,6500000,SAMPLE-00013,20121030,3,폐업,01,폐업,20180305,20180305,제주특별자치도 제주시 연동 1165,제주특별자치도 제주시 표본로 177,[샘플]연동숙소0013,,10
14,관광숙박업,03_11_00_P,6500000,SAMPLE-00014,20250816,1,영업/정상,01,영업/정상,,20250816,제주특별자치도 제주시 한림읍 1158,제주특별자치도 제주시 표본로 288,[샘플]한림읍숙소0014,,6
15,농어촌민박업,03_11_00_P,6500000,SAMPLE-00015,20230509,1,영업/정상,01,영업/정상,,20230509,제주특별자치도 제주시 한경면 237,제주특별자치도 제주시 표본로 155,[샘플]한경면숙소0015,,11
16,숙박업,03_11_00_P,6500000,SAMPLE-00016,20150311,1,영업/정상,01,영업/정상,,20150311,제주특별자치도 제주시 한림읍 432,제주특별자치도 제주시 표본로 208,[샘플]한림읍숙소0016,,5
17,숙박업,03_11_00_P,6500000,SAMPLE-00017,20220407,1,영업/정상,01,영업/정상,,20220407,제주특별자치도 제주시 한경면 36,제주특별자치도 제주시 표본로 201,[샘플]한경면숙소0017,,6
18,농어촌민박업,03_11_00_P,6500000,SAMPLE-00018,20130128,1,영업/정상,01,영업/정상,,20130128,제주특별자치도 서귀포시 성산읍 1561,제주특별자치도 서귀포시 표본로 279,[샘플]성산읍숙소0018,,2
19,농어촌민박업,03_11_00_P,6500000,SAMPLE-00019,20170628,1,영업/정상,01,영업/정상,,20170628,제주특별자치도 서귀포시 대륜동 939,제주특별자치도 서귀포시 표본로 203,[샘플]대륜동숙소0019,,3
20,관광숙박업,03_11_00_P,6500000,SAMPLE-00020,20151218,1,영업/정상,01,영업/정상,,20151218,제주특별자치도 제주시 구좌읍 1810,제주특별자치도 제주시 표본로 135,[샘플]구좌읍숙소0020,,11
21,숙박업,03_11_00_P,6500000,SAMPLE-00021,20190523,1,영업/정상,01,영업/정상,,20190523,제주특별자치도 제주시 노형동 379,제주특별자치도 제주시 표본로 284,[샘플]노형동숙소0021,,1
22,농어촌민박업,03_11_00_P,6500000,SAMPLE-00022,20230921,1,영업/정상,01,영업/정상,,20230921,제주특별자치도 제주시 이도이동 1107,제주특별자치도 제주시 표본로 291,[샘플]이도이동숙소0022,,11
23,농어촌민박업,03_11_00_P,6500000,SAMPLE-00023,20251109,1,영업/정상,01,영업/정상,,20251109,제주특별자치도 서귀포시 표선면 953,제주특별자치도 서귀포시 표본로 221,[샘플]표선면숙소0023,,5
24,농어촌민박업,03_11_00_P,6500000,SAMPLE-00024,20221023,1,영업/정상,01,영업/정상,,20221023,제주특별자치도 서귀포시 표선면 1228,제주특별자치도 서귀포시 표본로 47,[샘플]표선면숙소0024,,3
25,농어촌민박업,03_11_00_P,6500000,SAMPLE-00025,20220228,3,폐업,01,폐업,20250325,20250325,제주특별자치도 제주시 조천읍 305,제주특별자치도 제주시 표본로 265,[샘플]조천읍숙소0025,,6
26,농어촌민박업,03_11_00_P,6500000,SAMPLE-00026,20220327,1,영업/정상,01,영업/정상,,20220327,제주특별자치도 서귀포시 안덕면 1175,제주특별자치도 서귀포시 표본로 99,[샘플]안덕면숙소0026,,4
27,농어촌민박업,03_11_00_P,6500000,SAMPLE-00027,20220531,1,영업/정상,01,영업/정상,,20220531,제주특별자치도 서귀포시 성산읍 1867,제주특별자치도 서귀포시 표본로 234,[샘플]성산읍숙소0027,,2
28,농어촌민박업,03_11_00_P,6500000,SAMPLE-00028,20190609,1,영업/정상,01,영업/정상,,20190609,제주특별자치도 제주시 삼양동 708,제주특별자치도 제주시 표본로 14,[샘플]삼양동숙소0028,,9
29,농어촌민박업,03_11_00_P,6500000,SAMPLE-00029,20200611,1,영업/정상,01,영업/정상,,20200611,제주특별자치도 서귀포시 대륜동 14,제주특별자치도 서귀포시 표본로 237,[샘플]대륜동숙소0029,,1
30,농어촌민박업,03_11_00_P,6500000,SAMPLE-00030,20170207,1,영업/정상,01,영업/정상,,20170207,제주특별자치도 제주시 이도이동 413,제주특별자치도 제주시 표본로 181,[샘플]이도이동숙소0030,,2
31,농어촌민박업,03_11_00_P,6500000,SAMPLE-00031,20210413,1,영업/정상,01,영업/정상,,20210413,제주특별자치도 제주시 한림읍 1415,제주특별자치도 제주시 표본로 170,[샘플]한림읍숙소0031,,10
32,숙박업,03_11_00_P,6500000,SAMPLE-00032,20180211,1,영업/정상,01,영업/정상,,20180211,제주특별자치도 제주시 애월읍 213,제주특별자치도 제주시 표본로 202,[샘플]애월읍숙소0032,,12
33,숙박업,03_11_00_P,6500000,SAMPLE-00033,20190210,3,폐업,01,폐업,20260507,20260507,제주특별자치도 제주시 삼양동 688,제주특별자치도 제주시 표본로 268,[샘플]삼양동숙소0033,,7
34,숙박업,03_11_00_P,6500000,SAMPLE-00034,20230114,1,영업/정상,01,영업/정상,,20230114,제주특별자치도 제주시 한림읍 974,제주특별자치도 제주시 표본로 106,[샘플]한림읍숙소0034,,7
35,농어촌민박업,03_11_00_P,6500000,SAMPLE-00035,20260822,1,영업/정상,01,영업/정상,,20260822,제주특별자치도 제주시 노형동 1200,제주특별자치도 제주시 표본로 46,[샘플]노형동숙소0035,,11
36,농어촌민박업,03_11_00_P,6500000,SAMPLE-00036,20160328,3,폐업,01,폐업,20260719,20260719,제주특별자치도 서귀포시 대정읍 1820,제주특별자치도 서귀포시 표본로 170,[샘플]대정읍숙소0036,,12
37,농어촌민박업,03_11_00_P,6500000,SAMPLE-00037,20241105,1,영업/정상,01,영업/정상,,20241105,제주특별자치도 제주시 일도이동 1074,제주특별자치도 제주시 표본로 102,[샘플]일도이동숙소0037,,11
38,숙박업,03_11_00_P,6500000,SAMPLE-00038,20190214,1,영업/정상,01,영업/정상,,20190214,제주특별자치도 서귀포시 남원읍 1533,제주특별자치도 서귀포시 표본로 260,[샘플]남원읍숙소0038,,12
39,숙박업,03_11_00_P,6500000,SAMPLE-00039,20141101,3,폐업,01,폐업,20170910,20170910,제주특별자치도 서귀포시 대륜동 546,제주특별자치도 서귀포시 표본로 68,[샘플]대륜동숙소0039,,5
40,농어촌민박업,03_11_00_P,6500000,SAMPLE-00040,20260201,1,영업/정상,01,영업/정상,,20260201,제주특별자치도 제주시 노형동 1500,제주특별자치도 제주시 표본로 95,[샘플]노형동숙소0040,,6
41,숙박업,03_11_00_P,6500000,SAMPLE-00041,20240708,1,영업/정상,01,영업/정상,,20240708,제주특별자치도 제주시 애월읍 1493,제주특별자치도 제주시 표본로 191,[샘플]애월읍숙소0041,,9
42,숙박업,03_11_00_P,6500000,SAMPLE-00042,20251203,1,영업/정상,01,영업/정상,,20251203,제주특별자치도 서귀포시 안덕면 185,제주특별자치도 서귀포시 표본로 293,[샘플]안덕면숙소0042,,5
43,농어촌민박업,03_11_00_P,6500000,SAMPLE-00043,20260717,1,영업/정상,01,영업/정상,,20260717,제주특별자치도 제주시 일도이동 1968,제주특별자치도 제주시 표본로 122,[샘플]일도이동숙소0043,,2
44,농어촌민박업,03_11_00_P,6500000,SAMPLE-00044,20250217,1,영업/정상,01,영업/정상,,20250217,제주특별자치도 제주시 한림읍 1962,제주특별자치도 제주시 표본로 132,[샘플]한림읍숙소0044,,5
45,농어촌민박업,03_11_00_P,6500000,SAMPLE-00045,20210315,3,폐업,01,폐업,20250104,20250104,제주특별자치도 제주시 이도이동 1358,제주특별자치도 제주시 표본로 117,[샘플]이도이동숙소0045,,8
46,농어촌민박업,03_11_00_P,6500000,SAMPLE-00046,20230515,1,영업/정상,01,영업/정상,,20230515,제주특별자치도 서귀포시 중문동 1146,제주특별자치도 서귀포시 표본로 141,[샘플]중문동숙소0046,,9
47,농어촌민박업,03_11_00_P,6500000,SAMPLE-00047,20181121,1,영업/정상,01,영업/정상,,20181121,제주특별자치도 제주시 한경면 333,제주특별자치도 제주시 표본로 189,[샘플]한경면숙소0047,,11
48,농어촌민박업,03_11_00_P,6500000,SAMPLE-00048,20200924,1,영업/정상,01,영업/정상,,20200924,제주특별자치도 제주시 애월읍 79,제주특별자치도 제주시 표본로 77,[샘플]애월읍숙소0048,,11
49,숙박업,03_11_00_P,6500000,SAMPLE-00049,20220621,1,영업/정상,01,영업/정상,,20220621,제주특별자치도 제주시 이도이동 256,제주특별자치도 제주시 표본로 212,[샘플]이도이동숙소0049,,2
50,농어촌민박업,03_11_00_P,6500000,SAMPLE-00050,20150225,3,폐업,01,폐업,20170912,20170912,제주특별자치도 제주시 노형동 856,제주특별자치도 제주시 표본로 289,[샘플]노형동숙소0050,,11
51,관광숙박업,03_11_00_P,6500000,SAMPLE-00051,20180703,3,폐업,01,폐업,20260408,20260408,제주특별자치도 제주시 조천읍 1280,제주특별자치도 제주시 표본로 286,[샘플]조천읍숙소0051,,10
52,관광숙박업,03_11_00_P,6500000,SAMPLE-00052,20131213,3,폐업,01,폐업,20160212,20160212,제주특별자치도 제주시 일도이동 1706,제주특별자치도 제주시 표본로 134,[샘플]일도이동숙소0052,,7
53,농어촌민박업,03_11_00_P,6500000,SAMPLE-00053,20190215,3,폐업,01,폐업,20200519,20200519,제주특별자치도 제주시 조천읍 1883,제주특별자치도 제주시 표본로 189,[샘플]조천읍숙소0053,,10
54,농어촌민박업,03_11_00_P,6500000,SAMPLE-00054,20230106,1,영업/정상,01,영업/정상,,20230106,제주특별자치도 서귀포시 중문동 1256,제주특별자치도 서귀포시 표본로 225,[샘플]중문동숙소0054,,5
55,숙박업,03_11_00_P,6500000,SAMPLE-00055,20231208,1,영업/정상,01,영업/정상,,20231208,제주특별자치도 제주시 삼양동 1152,제주특별자치도 제주시 표본로 226,[샘플]삼양동숙소0055,,7
56,숙박업,03_11_00_P,6500000,SAMPLE-00056,20210212,3,폐업,01,폐업,20240122,20240122,제주특별자치도 서귀포시 서홍동 856,제주특별자치도 서귀포시 표본로 61,[샘플]서홍동숙소0056,,12
57,관광숙박업,03_11_00_P,6500000,SAMPLE-00057,20240826,1,영업/정상,01,영업/정상,,20240826,제주특별자치도 제주시 애월읍 579,제주특별자치도 제주시 표본로 298,[샘플]애월읍숙소0057,,5
58,농어촌민박업,03_11_00_P,6500000,SAMPLE-00058,20120311,1,영업/정상,01,영업/정상,,20120311,제주특별자치도 제주시 애월읍 349,제주특별자치도 제주시 표본로 125,[샘플]애월읍숙소0058,,1
59,농어촌민박업,03_11_00_P,6500000,SAMPLE-00059,20160322,3,폐업,01,폐업,20170527,20170527,제주특별자치도 서귀포시 대정읍 202,제주특별자치도 서귀포시 표본로 175,[샘플]대정읍숙소0059,,4
60,숙박업,03_11_00_P,6500000,SAMPLE-00060,20161130,3,폐업,01,폐업,20250104,20250104,제주특별자치도 제주시 구좌읍 719,제주특별자치도 제주시 표본로 210,[샘플]구좌읍숙소0060,,4
61,숙박업,03_11_00_P,6500000,SAMPLE-00061,20131122,1,영업/정상,01,영업/정상,,20131122,제주특별자치도 서귀포시 중문동 1687,제주특별자치도 서귀포시 표본로 277,[샘플]중문동숙소0061,,5
62,숙박업,03_11_00_P,6500000,SAMPLE-00062,20210905,1,영업/정상,01,영업/정상,,20210905,제주특별자치도 제주시 일도이동 1800,제주특별자치도 제주시 표본로 72,[샘플]일도이동숙소0062,,3
63,숙박업,03_11_00_P,6500000,SAMPLE-00063,20240907,1,영업/정상,01,영업/정상,,20240907,제주특별자치도 제주시 삼양동 254,제주특별자치도 제주시 표본로 151,[샘플]삼양동숙소0063,,9
64,농어촌민박업,03_11_00_P,6500000,SAMPLE-00064,20260124,1,영업/정상,01,영업/정상,,20260124,제주특별자치도 서귀포시 대륜동 653,제주특별자치도 서귀포시 표본로 156,[샘플]대륜동숙소0064,,5
65,농어촌민박업,03_11_00_P,6500000,SAMPLE-00065,20200913,1,영업/정상,01,영업/정상,,20200913,제주특별자치도 제주시 삼양동 238,제주특별자치도 제주시 표본로 235,[샘플]삼양동숙소0065,,4
66,농어촌민박업,03_11_00_P,6500000,SAMPLE-00066,20250405,1,영업/정상,01,영업/정상,,20250405,제주특별자치도 서귀포시 표선면 1378,제주특별자치도 서귀포시 표본로 9,[샘플]표선면숙소0066,,10
67,농어촌민박업,03_11_00_P,6500000,SAMPLE-00067,20230821,3,폐업,01,폐업,20251029,20251029,제주특별자치도 제주시 한림읍 1897,제주특별자치도 제주시 표본로 211,[샘플]한림읍숙소0067,,10
68,농어촌민박업,03_11_00_P,6500000,SAMPLE-00068,20220613,1,영업/정상,01,영업/정상,,20220613,제주특별자치도 서귀포시 대륜동 532,제주특별자치도 서귀포시 표본로 234,[샘플]대륜동숙소0068,,10
69,농어촌민박업,03_11_00_P,6500000,SAMPLE-00069,20251201,1,영업/정상,01,영업/정상,,20251201,제주특별자치도 제주시 조천읍 1677,제주특별자치도 제주시 표본로 145,[샘플]조천읍숙소0069,,9
70,숙박업,03_11_00_P,6500000,SAMPLE-00070,20200706,1,영업/정상,01,영업/정상,,20200706,제주특별자치도 서귀포시 대륜동 1224,제주특별자치도 서귀포시 표본로 21,[샘플]대륜동숙소0070,,6
71,농어촌민박업,03_11_00_P,6500000,SAMPLE-00071,20221026,1,영업/정상,01,영업/정상,,20221026,제주특별자치도 제주시 한경면 309,제주특별자치도 제주시 표본로 188,[샘플]한경면숙소0071,,7
72,농어촌민박업,03_11_00_P,6500000,SAMPLE-00072,20200213,1,영업/정상,01,영업/정상,,20200213,제주특별자치도 서귀포시 안덕면 1719,제주특별자치도 서귀포시 표본로 231,[샘플]안덕면숙소0072,,6
73,관광숙박업,03_11_00_P,6500000,SAMPLE-00073,20171215,1,영업/정상,01,영업/정상,,20171215,제주특별자치도 제주시 구좌읍 1618,제주특별자치도 제주시 표본로 286,[샘플]구좌읍숙소0073,,10
74,농어촌민박업,03_11_00_P,6500000,SAMPLE-00074,20211106,1,영업/정상,01,영업/정상,,20211106,제주특별자치도 제주시 연동 1699,제주특별자치도 제주시 표본로 288,[샘플]연동숙소0074,,7
75,숙박업,03_11_00_P,6500000,SAMPLE-00075,20250527,1,영업/정상,01,영업/정상,,20250527,제주특별자치도 서귀포시 서홍동 284,제주특별자치도 서귀포시 표본로 227,[샘플]서홍동숙소0075,,8
76,관광숙박업,03_11_00_P,6500000,SAMPLE-00076,20191120,3,폐업,01,폐업,20260529,20260529,제주특별자치도 제주시 한림읍 887,제주특별자치도 제주시 표본로 116,[샘플]한림읍숙소0076,,11
77,농어촌민박업,03_11_00_P,6500000,SAMPLE-00077,20171001,1,영업/정상,01,영업/정상,,20171001,제주특별자치도 제주시 한림읍 1818,제주특별자치도 제주시 표본로 163,[샘플]한림읍숙소0077,,3
78,농어촌민박업,03_11_00_P,6500000,SAMPLE-00078,20260718,1,영업/정상,01,영업/정상,,20260718,제주특별자치도 제주시 노형동 605,제주특별자치도 제주시 표본로 179,[샘플]노형동숙소0078,,3
79,관광숙박업,03_11_00_P,6500000,SAMPLE-00079,20231214,1,영업/정상,01,영업/정상,,20231214,제주특별자치도 제주시 애월읍 612,제주특별자치도 제주시 표본로 98,[샘플]애월읍숙소0079,,2
80,숙박업,03_11_00_P,6500000,SAMPLE-00080,20190314,1,영업/정상,01,영업/정상,,20190314,제주특별자치도 서귀포시 중문동 240,제주특별자치도 서귀포시 표본로 17,[샘플]중문동숙소0080,,12
81,숙박업,03_11_00_P,6500000,SAMPLE-00081,20220315,1,영업/정상,01,영업/정상,,20220315,제주특별자치도 서귀포시 동홍동 1146,제주특별자치도 서귀포시 표본로 172,[샘플]동홍동숙소0081,,4
82,관광숙박업,03_11_00_P,6500000,SAMPLE-00082,20241214,1,영업/정상,01,영업/정상,,20241214,제주특별자치도 서귀포시 표선면 720,제주특별자치도 서귀포시 표본로 108,[샘플]표선면숙소0082,,5
83,관광숙박업,03_11_00_P,6500000,SAMPLE-00083,20180919,3,폐업,01,폐업,20250317,20250317,제주특별자치도 서귀포시 대륜동 830,제주특별자치도 서귀포시 표본로 132,[샘플]대륜동숙소0083,,11
84,관광숙박업,03_11_00_P,6500000,SAMPLE-00084,20200914,1,영업/정상,01,영업/정상,,20200914,제주특별자치도 서귀포시 대정읍 149,제주특별자치도 서귀포시 표본로 79,[샘플]대정읍숙소0084,,12
85,숙박업,03_11_00_P,6500000,SAMPLE-00085,20210707,1,영업/정상,01,영업/정상,,20210707,제주특별자치도 제주시 한림읍 848,제주특별자치도 제주시 표본로 248,[샘플]한림읍숙소0085,,7
86,관광숙박업,03_11_00_P,6500000,SAMPLE-00086,20231030,1,영업/정상,01,영업/정상,,20231030,제주특별자치도 제주시 이도이동 1936,제주특별자치도 제주시 표본로 265,[샘플]이도이동숙소0086,,6
87,농어촌민박업,03_11_00_P,6500000,SAMPLE-00087,20211117,1,영업/정상,01,영업/정상,,20211117,제주특별자치도 제주시 한경면 243,제주특별자치도 제주시 표본로 134,[샘플]한경면숙소0087,,4
88,숙박업,03_11_00_P,6500000,SAMPLE-00088,20240716,1,영업/정상,01,영업/정상,,20240716,제주특별자치도 서귀포시 남원읍 1518,제주특별자치도 서귀포시 표본로 176,[샘플]남원읍숙소0088,,11
89,농어촌민박업,03_11_00_P,6500000,SAMPLE-00089,20260121,1,영업/정상,01,영업/정상,,20260121,제주특별자치도 제주시 이도이동 1989,제주특별자치도 제주시 표본로 269,[샘플]이도이동숙소0089,,11
90,농어촌민박업,03_11_00_P,6500000,SAMPLE-00090,20131017,1,영업/정상,01,영업/정상,,20131017,제주특별자치도 제주시 연동 1830,제주특별자치도 제주시 표본로 218,[샘플]연동숙소0090,,6
91,관광숙박업,03_11_00_P,6500000,SAMPLE-00091,20170901,3,폐업,01,폐업,20221206,20221206,제주특별자치도 제주시 노형동 1817,제주특별자치도 제주시 표본로 84,[샘플]노형동숙소0091,,7
92,숙박업,03_11_00_P,6500000,SAMPLE-00092,20190414,1,영업/정상,01,영업/정상,,20190414,제주특별자치도 서귀포시 대정읍 1999,제주특별자치도 서귀포시 표본로 111,[샘플]대정읍숙소0092,,6
93,농어촌민박업,03_11_00_P,6500000,SAMPLE-00093,20220530,3,영업/정상,01,휴업,,20220530,제주특별자치도 제주시 삼양동 1839,제주특별자치도 제주시 표본로 244,[샘플]삼양동숙소0093,,1
94,숙박업,03_11_00_P,6500000,SAMPLE-00094,20260430,1,영업/정상,01,영업/정상,,20260430,제주특별자치도 서귀포시 남원읍 1024,제주특별자치도 서귀포시 표본로 209,[샘플]남원읍숙소0094,,10
95,농어촌민박업,03_11_00_P,6500000,SAMPLE-00095,20241105,1,영업/정상,01,영업/정상,,20241105,제주특별자치도 제주시 노형동 513,제주특별자치도 제주시 표본로 241,[샘플]노형동숙소0095,,6
96,관광숙박업,03_11_00_P,6500000,SAMPLE-00096,20140713,1,영업/정상,01,영업/정상,,20140713,제주특별자치도 서귀포시 성산읍 1146,제주특별자치도 서귀포시 표본로 183,[샘플]성산읍숙소0096,,12
97,숙박업,03_11_00_P,6500000,SAMPLE-00097,20241212,1,영업/정상,01,영업/정상,,20241212,제주특별자치도 제주시 이도이동 1455,제주특별자치도 제주시 표본로 191,[샘플]이도이동숙소0097,,9
98,숙박업,03_11_00_P,6500000,SAMPLE-00098,20240926,1,영업/정상,01,영업/정상,,20240926,제주특별자치도 제주시 애월읍 1559,제주특별자치도 제주시 표본로 262,[샘플]애월읍숙소0098,,11
99,관광숙박업,03_11_00_P,6500000,SAMPLE-00099,20220207,1,영업/정상,01,영업/정상,,20220207,제주특별자치도 제주시 연동 554,제주특별자치도 제주시 표본로 60,[샘플]연동숙소0099,,10
100,농어촌민박업,03_11_00_P,6500000,SAMPLE-00100,20141211,3,폐업,01,폐업,20190706,20190706,제주특별자치도 서귀포시 동홍동 1117,제주특별자치도 서귀포시 표본로 149,[샘플]동홍동숙소0100,,4
101,농어촌민박업,03_11_00_P,6500000,SAMPLE-00101,20210804,1,영업/정상,01,영업/정상,,20210804,제주특별자치도 서귀포시 중문동 525,제주특별자치도 서귀포시 표본로 247,[샘플]중문동숙소0101,,5
102,숙박업,03_11_00_P,6500000,SAMPLE-00102,20160118,3,폐업,01,폐업,20230525,20230525,제주특별자치도 제주시 한경면 1562,제주특별자치도 제주시 표본로 21,[샘플]한경면숙소0102,,4
103,농어촌민박업,03_11_00_P,6500000,SAMPLE-00103,20170208,3,폐업,01,폐업,20230109,20230109,제주특별자치도 제주시 한림읍 1196,제주특별자치도 제주시 표본로 143,[샘플]한림읍숙소0103,,5
104,관광숙박업,03_11_00_P,6500000,SAMPLE-00104,20240322,1,영업/정상,01,영업/정상,,20240322,제주특별자치도 제주시 연동 1639,제주특별자치도 제주시 표본로 201,[샘플]연동숙소0104,,11
105,숙박업,03_11_00_P,6500000,SAMPLE-00105,20211005,1,영업/정상,01,영업/정상,,20211005,제주특별자치도 제주시 한림읍 1118,제주특별자치도 제주시 표본로 125,[샘플]한림읍숙소0105,,8
106,농어촌민박업,03_11_00_P,6500000,SAMPLE-00106,20250516,1,영업/정상,01,영업/정상,,20250516,제주특별자치도 서귀포시 성산읍 286,제주특별자치도 서귀포시 표본로 297,[샘플]성산읍숙소0106,,12
107,숙박업,03_11_00_P,6500000,SAMPLE-00107,20200324,1,영업/정상,01,영업/정상,,20200324,제주특별자치도 제주시 한림읍 867,제주특별자치도 제주시 표본로 278,[샘플]한림읍숙소0107,,12
108,숙박업,03_11_00_P,6500000,SAMPLE-00108,20200929,3,폐업,01,폐업,20260201,20260201,제주특별자치도 제주시 한림읍 1427,제주특별자치도 제주시 표본로 116,[샘플]한림읍숙소0108,,10
109,농어촌민박업,03_11_00_P,6500000,SAMPLE-00109,20210221,1,영업/정상,01,영업/정상,,20210221,제주특별자치도 제주시 삼양동 1616,제주특별자치도 제주시 표본로 8,[샘플]삼양동숙소0109,,4
110,농어촌민박업,03_11_00_P,6500000,SAMPLE-00110,20160923,3,폐업,01,폐업,20210806,20210806,제주특별자치도 제주시 이도이동 1673,제주특별자치도 제주시 표본로 170,[샘플]이도이동숙소0110,,5
111,농어촌민박업,03_11_00_P,6500000,SAMPLE-00111,20260521,1,영업/정상,01,영업/정상,,20260521,제주특별자치도 서귀포시 중문동 1981,제주특별자치도 서귀포시 표본로 6,[샘플]중문동숙소0111,,9
112,관광숙박업,03_11_00_P,6500000,SAMPLE-00112,20250202,1,영업/정상,01,영업/정상,,20250202,제주특별자치도 제주시 구좌읍 1880,제주특별자치도 제주시 표본로 145,[샘플]구좌읍숙소0112,,6
113,숙박업,03_11_00_P,6500000,SAMPLE-00113,20210131,3,폐업,01,폐업,20220117,20220117,제주특별자치도 제주시 조천읍 1055,제주특별자치도 제주시 표본로 125,[샘플]조천읍숙소0113,,3
114,농어촌민박업,03_11_00_P,6500000,SAMPLE-00114,20211102,3,폐업,01,폐업,20250328,20250328,제주특별자치도 제주시 구좌읍 1083,제주특별자치도 제주시 표본로 110,[샘플]구좌읍숙소0114,,11
115,농어촌민박업,03_11_00_P,6500000,SAMPLE-00115,20241202,1,영업/정상,01,영업/정상,,20241202,제주특별자치도 제주시 일도이동 1899,제주특별자치도 제주시 표본로 266,[샘플]일도이동숙소0115,,1
116,관광숙박업,03_11_00_P,6500000,SAMPLE-00116,20220302,1,영업/정상,01,영업/정상,,20220302,제주특별자치도 제주시 노형동 960,제주특별자치도 제주시 표본로 34,[샘플]노형동숙소0116,,3
117,숙박업,03_11_00_P,6500000,SAMPLE-00117,20220327,1,영업/정상,01,영업/정상,,20220327,제주특별자치도 서귀포시 서홍동 108,제주특별자치도 서귀포시 표본로 30,[샘플]서홍동숙소0117,,11
118,농어촌민박업,03_11_00_P,6500000,SAMPLE-00118,20200819,1,영업/정상,01,영업/정상,,20200819,제주특별자치도 서귀포시 대륜동 773,제주특별자치도 서귀포시 표본로 170,[샘플]대륜동숙소0118,,10
119,숙박업,03_11_00_P,6500000,SAMPLE-00119,20211205,3,폐업,01,폐업,20260619,20260619,제주특별자치도 제주시 조천읍 1854,제주특별자치도 제주시 표본로 96,[샘플]조천읍숙소0119,,10
120,농어촌민박업,03_11_00_P,6500000,SAMPLE-00120,20260429,1,영업/정상,01,영업/정상,,20260429,제주특별자치도 서귀포시 서홍동 223,제주특별자치도 서귀포시 표본로 50,[샘플]서홍동숙소0120,,3
121,숙박업,03_11_00_P,6500000,SAMPLE-00121,20140220,3,영업/정상,01,휴업,,20140220,제주특별자치도 서귀포시 남원읍 59,제주특별자치도 서귀포시 표본로 25,[샘플]남원읍숙소0121,,5
122,농어촌민박업,03_11_00_P,6500000,SAMPLE-00122,20241007,1,영업/정상,01,영업/정상,,20241007,제주특별자치도 제주시 한경면 176,제주특별자치도 제주시 표본로 2,[샘플]한경면숙소0122,,12
123,농어촌민박업,03_11_00_P,6500000,SAMPLE-00123,20140731,3,폐업,01,폐업,20231128,20231128,제주특별자치도 제주시 한림읍 951,제주특별자치도 제주시 표본로 111,[샘플]한림읍숙소0123,,11
124,숙박업,03_11_00_P,6500000,SAMPLE-00124,20260726,1,영업/정상,01,영업/정상,,20260726,제주특별자치도 서귀포시 서홍동 128,제주특별자치도 서귀포시 표본로 290,[샘플]서홍동숙소0124,,6
125,농어촌민박업,03_11_00_P,6500000,SAMPLE-00125,20251019,1,영업/정상,01,영업/정상,,20251019,제주특별자치도 제주시 한경면 556,제주특별자치도 제주시 표본로 209,[샘플]한경면숙소0125,,12
126,숙박업,03_11_00_P,6500000,SAMPLE-00126,20161007,3,폐업,01,폐업,20200826,20200826,제주특별자치도 서귀포시 안덕면 18,제주특별자치도 서귀포시 표본로 247,[샘플]안덕면숙소0126,,2
127,농어촌민박업,03_11_00_P,6500000,SAMPLE-00127,20200616,1,영업/정상,01,영업/정상,,20200616,제주특별자치도 제주시 연동 450,제주특별자치도 제주시 표본로 86,[샘플]연동숙소0127,,11
128,숙박업,03_11_00_P,6500000,SAMPLE-00128,20220317,1,영업/정상,01,영업/정상,,20220317,제주특별자치도 제주시 노형동 109,제주특별자치도 제주시 표본로 253,[샘플]노형동숙소0128,,9
129,농어촌민박업,03_11_00_P,6500000,SAMPLE-00129,20260731,1,영업/정상,01,영업/정상,,20260731,제주특별자치도 제주시 애월읍 642,제주특별자치도 제주시 표본로 173,[샘플]애월읍숙소0129,,11
130,숙박업,03_11_00_P,6500000,SAMPLE-00130,20220921,1,영업/정상,01,영업/정상,,20220921,제주특별자치도 서귀포시 안덕면 1649,제주특별자치도 서귀포시 표본로 134,[샘플]안덕면숙소0130,,8
131,숙박업,03_11_00_P,6500000,SAMPLE-00131,20191013,1,영업/정상,01,영업/정상,,20191013,제주특별자치도 제주시 연동 1251,제주특별자치도 제주시 표본로 44,[샘플]연동숙소0131,,9
132,숙박업,03_11_00_P,6500000,SAMPLE-00132,20190825,3,폐업,01,폐업,20231205,20231205,제주특별자치도 서귀포시 서홍동 63,제주특별자치도 서귀포시 표본로 289,[샘플]서홍동숙소0132,,7
133,숙박업,03_11_00_P,6500000,SAMPLE-00133,20130103,3,폐업,01,폐업,20210507,20210507,제주특별자치도 제주시 애월읍 1600,제주특별자치도 제주시 표본로 153,[샘플]애월읍숙소0133,,8
134,농어촌민박업,03_11_00_P,6500000,SAMPLE-00134,20210718,3,폐업,01,폐업,20220313,20220313,제주특별자치도 서귀포시 남원읍 133,제주특별자치도 서귀포시 표본로 10,[샘플]남원읍숙소0134,,6
135,농어촌민박업,03_11_00_P,6500000,SAMPLE-00135,20251112,1,영업/정상,01,영업/정상,,20251112,제주특별자치도 서귀포시 성산읍 152,제주특별자치도 서귀포시 표본로 204,[샘플]성산읍숙소0135,,2
136,관광숙박업,03_11_00_P,6500000,SAMPLE-00136,20220119,3,폐업,01,폐업,20240413,20240413,제주특별자치도 제주시 애월읍 1461,제주특별자치도 제주시 표본로 274,[샘플]애월읍숙소0136,,7
137,관광숙박업,03_11_00_P,6500000,SAMPLE-00137,20181104,1,영업/정상,01,영업/정상,,20181104,제주특별자치도 제주시 노형동 1200,제주특별자치도 제주시 표본로 66,[샘플]노형동숙소0137,,10
138,농어촌민박업,03_11_00_P,6500000,SAMPLE-00138,20231203,1,영업/정상,01,영업/정상,,20231203,제주특별자치도 제주시 한경면 71,제주특별자치도 제주시 표본로 9,[샘플]한경면숙소0138,,8
139,농어촌민박업,03_11_00_P,6500000,SAMPLE-00139,20210407,1,영업/정상,01,영업/정상,,20210407,제주특별자치도 서귀포시 대륜동 1309,제주특별자치도 서귀포시 표본로 235,[샘플]대륜동숙소0139,,11
140,농어촌민박업,03_11_00_P,6500000,SAMPLE-00140,20160308,1,영업/정상,01,영업/정상,,20160308,제주특별자치도 제주시 삼양동 1522,제주특별자치도 제주시 표본로 261,[샘플]삼양동숙소0140,,12
141,숙박업,03_11_00_P,6500000,SAMPLE-00141,20240219,1,영업/정상,01,영업/정상,,20240219,제주특별자치도 제주시 구좌읍 1054,제주특별자치도 제주시 표본로 43,[샘플]구좌읍숙소0141,,9
142,농어촌민박업,03_11_00_P,6500000,SAMPLE-00142,20240815,3,폐업,01,폐업,20251121,20251121,제주특별자치도 제주시 한림읍 1690,제주특별자치도 제주시 표본로 130,[샘플]한림읍숙소0142,,4
143,농어촌민박업,03_11_00_P,6500000,SAMPLE-00143,20250712,1,영업/정상,01,영업/정상,,20250712,제주특별자치도 서귀포시 표선면 1492,제주특별자치도 서귀포시 표본로 145,[샘플]표선면숙소0143,,10
144,숙박업,03_11_00_P,6500000,SAMPLE-00144,20150506,3,폐업,01,폐업,20251001,20251001,제주특별자치도 제주시 연동 1316,제주특별자치도 제주시 표본로 163,[샘플]연동숙소0144,,9
145,관광숙박업,03_11_00_P,6500000,SAMPLE-00145,20260907,1,영업/정상,01,영업/정상,,20260907,제주특별자치도 서귀포시 동홍동 1819,제주특별자치도 서귀포시 표본로 87,[샘플]동홍동숙소0145,,4
146,농어촌민박업,03_11_00_P,6500000,SAMPLE-00146,20220314,1,영업/정상,01,영업/정상,,20220314,제주특별자치도 제주시 이도이동 1266,제주특별자치도 제주시 표본로 245,[샘플]이도이동숙소0146,,6
147,관광숙박업,03_11_00_P,6500000,SAMPLE-00147,20260311,1,영업/정상,01,영업/정상,,20260311,제주특별자치도 서귀포시 표선면 1163,제주특별자치도 서귀포시 표본로 271,[샘플]표선면숙소0147,,9
148,농어촌민박업,03_11_00_P,6500000,SAMPLE-00148,20220616,3,폐업,01,폐업,20250324,20250324,제주특별자치도 제주시 삼양동 399,제주특별자치도 제주시 표본로 84,[샘플]삼양동숙소0148,,11
149,숙박업,03_11_00_P,6500000,SAMPLE-00149,20180808,3,폐업,01,폐업,20230817,20230817,제주특별자치도 제주시 연동 163,제주특별자치도 제주시 표본로 144,[샘플]연동숙소0149,,6
150,숙박업,03_11_00_P,6500000,SAMPLE-00150,20120701,3,폐업,01,폐업,20250429,20250429,제주특별자치도 서귀포시 동홍동 1813,제주특별자치도 서귀포시 표본로 82,[샘플]동홍동숙소0150,,11
151,숙박업,03_11_00_P,6500000,SAMPLE-00151,20230703,1,영업/정상,01,영업/정상,,20230703,제주특별자치도 서귀포시 안덕면 1014,제주특별자치도 서귀포시 표본로 166,[샘플]안덕면숙소0151,,6
152,농어촌민박업,03_11_00_P,6500000,SAMPLE-00152,20200226,3,폐업,01,폐업,20260905,20260905,제주특별자치도 제주시 연동 704,제주특별자치도 제주시 표본로 42,[샘플]연동숙소0152,,3
153,숙박업,03_11_00_P,6500000,SAMPLE-00153,20170821,1,영업/정상,01,영업/정상,,20170821,제주특별자치도 서귀포시 중문동 679,제주특별자치도 서귀포시 표본로 123,[샘플]중문동숙소0153,,4
154,농어촌민박업,03_11_00_P,6500000,SAMPLE-00154,20251101,1,영업/정상,01,영업/정상,,20251101,제주특별자치도 제주시 삼양동 1870,제주특별자치도 제주시 표본로 259,[샘플]삼양동숙소0154,,2
155,농어촌민박업,03_11_00_P,6500000,SAMPLE-00155,20171128,1,영업/정상,01,영업/정상,,20171128,제주특별자치도 제주시 연동 1454,제주특별자치도 제주시 표본로 33,[샘플]연동숙소0155,,9
156,관광숙박업,03_11_00_P,6500000,SAMPLE-00156,20150831,3,폐업,01,폐업,20210213,20210213,제주특별자치도 제주시 애월읍 1811,제주특별자치도 제주시 표본로 195,[샘플]애월읍숙소0156,,7
157,농어촌민박업,03_11_00_P,6500000,SAMPLE-00157,20200629,1,영업/정상,01,영업/정상,,20200629,제주특별자치도 서귀포시 중문동 837,제주특별자치도 서귀포시 표본로 147,[샘플]중문동숙소0157,,6
158,농어촌민박업,03_11_00_P,6500000,SAMPLE-00158,20150903,3,폐업,01,폐업,20200714,20200714,제주특별자치도 서귀포시 대정읍 661,제주특별자치도 서귀포시 표본로 44,[샘플]대정읍숙소0158,,3
159,농어촌민박업,03_11_00_P,6500000,SAMPLE-00159,20170222,3,폐업,01,폐업,20171117,20171117,제주특별자치도 서귀포시 성산읍 1304,제주특별자치도 서귀포시 표본로 284,[샘플]성산읍숙소0159,,1
160,숙박업,03_11_00_P,6500000,SAMPLE-00160,20260227,1,영업/정상,01,영업/정상,,20260227,제주특별자치도 서귀포시 중문동 1635,제주특별자치도 서귀포시 표본로 247,[샘플]중문동숙소0160,,11
161,숙박업,03_11_00_P,6500000,SAMPLE-00161,20250131,3,폐업,01,폐업,20250824,20250824,제주특별자치도 서귀포시 대정읍 343,제주특별자치도 서귀포시 표본로 61,[샘플]대정읍숙소0161,,6
162,농어촌민박업,03_11_00_P,6500000,SAMPLE-00162,20241213,3,폐업,01,폐업,20260103,20260103,제주특별자치도 서귀포시 남원읍 1390,제주특별자치도 서귀포시 표본로 193,[샘플]남원읍숙소0162,,5
163,농어촌민박업,03_11_00_P,6500000,SAMPLE-00163,20200214,1,영업/정상,01,영업/정상,,20200214,제주특별자치도 서귀포시 남원읍 1171,제주특별자치도 서귀포시 표본로 148,[샘플]남원읍숙소0163,,1
164,농어촌민박업,03_11_00_P,6500000,SAMPLE-00164,20260213,1,영업/정상,01,영업/정상,,20260213,제주특별자치도 서귀포시 대륜동 1204,제주특별자치도 서귀포시 표본로 77,[샘플]대륜동숙소0164,,3
165,숙박업,03_11_00_P,6500000,SAMPLE-00165,20150403,1,영업/정상,01,영업/정상,,20150403,제주특별자치도 제주시 일도이동 1521,제주특별자치도 제주시 표본로 290,[샘플]일도이동숙소0165,,7
166,농어촌민박업,03_11_00_P,6500000,SAMPLE-00166,20220109,1,영업/정상,01,영업/정상,,20220109,제주특별자치도 서귀포시 서홍동 540,제주특별자치도 서귀포시 표본로 68,[샘플]서홍동숙소0166,,11
167,관광숙박업,03_11_00_P,6500000,SAMPLE-00167,20250702,1,영업/정상,01,영업/정상,,20250702,제주특별자치도 제주시 일도이동 1249,제주특별자치도 제주시 표본로 299,[샘플]일도이동숙소0167,,2
168,숙박업,03_11_00_P,6500000,SAMPLE-00168,20161114,1,영업/정상,01,영업/정상,,20161114,제주특별자치도 서귀포시 서홍동 6,제주특별자치도 서귀포시 표본로 201,[샘플]서홍동숙소0168,,7
169,농어촌민박업,03_11_00_P,6500000,SAMPLE-00169,20180605,3,폐업,01,폐업,20210902,20210902,제주특별자치도 제주시 이도이동 1355,제주특별자치도 제주시 표본로 173,[샘플]이도이동숙소0169,,7
170,농어촌민박업,03_11_00_P,6500000,SAMPLE-00170,20241123,1,영업/정상,01,영업/정상,,20241123,제주특별자치도 제주시 구좌읍 766,제주특별자치도 제주시 표본로 57,[샘플]구좌읍숙소0170,,4
171,농어촌민박업,03_11_00_P,6500000,SAMPLE-00171,20130901,3,폐업,01,폐업,20211127,20211127,제주특별자치도 제주시 애월읍 642,제주특별자치도 제주시 표본로 19,[샘플]애월읍숙소0171,,3
172,숙박업,03_11_00_P,6500000,SAMPLE-00172,20251204,1,영업/정상,01,영업/정상,,20251204,제주특별자치도 제주시 한림읍 201,제주특별자치도 제주시 표본로 286,[샘플]한림읍숙소0172,,7
173,농어촌민박업,03_11_00_P,6500000,SAMPLE-00173,20260108,1,영업/정상,01,영업/정상,,20260108,제주특별자치도 서귀포시 표선면 19,제주특별자치도 서귀포시 표본로 211,[샘플]표선면숙소0173,,6
174,관광숙박업,03_11_00_P,6500000,SAMPLE-00174,20250127,1,영업/정상,01,영업/정상,,20250127,제주특별자치도 서귀포시 서홍동 1192,제주특별자치도 서귀포시 표본로 204,[샘플]서홍동숙소0174,,12
175,농어촌민박업,03_11_00_P,6500000,SAMPLE-00175,20160826,3,폐업,01,폐업,20180315,20180315,제주특별자치도 서귀포시 서홍동 277,제주특별자치도 서귀포시 표본로 18,[샘플]서홍동숙소0175,,6
176,관광숙박업,03_11_00_P,6500000,SAMPLE-00176,20190219,1,영업/정상,01,영업/정상,,20190219,제주특별자치도 제주시 이도이동 218,제주특별자치도 제주시 표본로 31,[샘플]이도이동숙소0176,,9
177,관광숙박업,03_11_00_P,6500000,SAMPLE-00177,20210221,3,영업/정상,01,휴업,,20210221,제주특별자치도 제주시 노형동 1076,제주특별자치도 제주시 표본로 20,[샘플]노형동숙소0177,,11
178,농어촌민박업,03_11_00_P,6500000,SAMPLE-00178,20220118,1,영업/정상,01,영업/정상,,20220118,제주특별자치도 제주시 삼양동 1700,제주특별자치도 제주시 표본로 128,[샘플]삼양동숙소0178,,7
179,숙박업,03_11_00_P,6500000,SAMPLE-00179,20220908,3,폐업,01,폐업,20250521,20250521,제주특별자치도 제주시 이도이동 18,제주특별자치도 제주시 표본로 20,[샘플]이도이동숙소0179,,1
180,농어촌민박업,03_11_00_P,6500000,SAMPLE-00180,20180311,1,영업/정상,01,영업/정상,,20180311,제주특별자치도 서귀포시 성산읍 1790,제주특별자치도 서귀포시 표본로 215,[샘플]성산읍숙소0180,,3
181,관광숙박업,03_11_00_P,6500000,SAMPLE-00181,20180926,3,폐업,01,폐업,20230626,20230626,제주특별자치도 서귀포시 성산읍 507,제주특별자치도 서귀포시 표본로 83,[샘플]성산읍숙소0181,,2
182,관광숙박업,03_11_00_P,6500000,SAMPLE-00182,20210914,1,영업/정상,01,영업/정상,,20210914,제주특별자치도 제주시 애월읍 1036,제주특별자치도 제주시 표본로 203,[샘플]애월읍숙소0182,,7
183,관광숙박업,03_11_00_P,6500000,SAMPLE-00183,20111014,3,폐업,01,폐업,20210202,20210202,제주특별자치도 서귀포시 표선면 1732,제주특별자치도 서귀포시 표본로 81,[샘플]표선면숙소0183,,7
184,농어촌민박업,03_11_00_P,6500000,SAMPLE-00184,20260822,1,영업/정상,01,영업/정상,,20260822,제주특별자치도 제주시 조천읍 1664,제주특별자치도 제주시 표본로 171,[샘플]조천읍숙소0184,,2
185,관광숙박업,03_11_00_P,6500000,SAMPLE-00185,20190805,1,영업/정상,01,영업/정상,,20190805,제주특별자치도 서귀포시 남원읍 1961,제주특별자치도 서귀포시 표본로 46,[샘플]남원읍숙소0185,,12
186,숙박업,03_11_00_P,6500000,SAMPLE-00186,20240630,1,영업/정상,01,영업/정상,,20240630,제주특별자치도 서귀포시 대정읍 1100,제주특별자치도 서귀포시 표본로 31,[샘플]대정읍숙소0186,,7
187,농어촌민박업,03_11_00_P,6500000,SAMPLE-00187,20240630,1,영업/정상,01,영업/정상,,20240630,제주특별자치도 서귀포시 중문동 747,제주특별자치도 서귀포시 표본로 195,[샘플]중문동숙소0187,,1
188,농어촌민박업,03_11_00_P,6500000,SAMPLE-00188,20230817,1,영업/정상,01,영업/정상,,20230817,제주특별자치도 제주시 노형동 540,제주특별자치도 제주시 표본로 194,[샘플]노형동숙소0188,,4
189,농어촌민박업,03_11_00_P,6500000,SAMPLE-00189,20201229,1,영업/정상,01,영업/정상,,20201229,제주특별자치도 서귀포시 대륜동 482,제주특별자치도 서귀포시 표본로 72,[샘플]대륜동숙소0189,,2
190,농어촌민박업,03_11_00_P,6500000,SAMPLE-00190,20130405,3,폐업,01,폐업,20170511,20170511,제주특별자치도 서귀포시 동홍동 734,제주특별자치도 서귀포시 표본로 119,[샘플]동홍동숙소0190,,1
191,숙박업,03_11_00_P,6500000,SAMPLE-00191,20220110,3,폐업,01,폐업,20251123,20251123,제주특별자치도 제주시 노형동 1729,제주특별자치도 제주시 표본로 245,[샘플]노형동숙소0191,,3
192,농어촌민박업,03_11_00_P,6500000,SAMPLE-00192,20240111,3,폐업,01,폐업,20240915,20240915,제주특별자치도 제주시 애월읍 1600,제주특별자치도 제주시 표본로 242,[샘플]애월읍숙소0192,,3
193,숙박업,03_11_00_P,6500000,SAMPLE-00193,20241116,1,영업/정상,01,영업/정상,,20241116,제주특별자치도 서귀포시 성산읍 1355,제주특별자치도 서귀포시 표본로 194,[샘플]성산읍숙소0193,,9
194,농어촌민박업,03_11_00_P,6500000,SAMPLE-00194,20260511,1,영업/정상,01,영업/정상,,20260511,제주특별자치도 서귀포시 중문동 268,제주특별자치도 서귀포시 표본로 279,[샘플]중문동숙소0194,,11
195,농어촌민박업,03_11_00_P,6500000,SAMPLE-00195,20240424,1,영업/정상,01,영업/정상,,20240424,제주특별자치도 제주시 구좌읍 551,제주특별자치도 제주시 표본로 57,[샘플]구좌읍숙소0195,,3
196,숙박업,03_11_00_P,6500000,SAMPLE-00196,20190203,3,폐업,01,폐업,20231017,20231017,제주특별자치도 제주시 삼양동 1386,제주특별자치도 제주시 표본로 40,[샘플]삼양동숙소0196,,1
197,농어촌민박업,03_11_00_P,6500000,SAMPLE-00197,20251220,1,영업/정상,01,영업/정상,,20251220,제주특별자치도 제주시 일도이동 582,제주특별자치도 제주시 표본로 165,[샘플]일도이동숙소0197,,1
198,숙박업,03_11_00_P,6500000,SAMPLE-00198,20140128,1,영업/정상,01,영업/정상,,20140128,제주특별자치도 제주시 노형동 395,제주특별자치도 제주시 표본로 128,[샘플]노형동숙소0198,,9
199,농어촌민박업,03_11_00_P,6500000,SAMPLE-00199,20200331,1,영업/정상,01,영업/정상,,20200331,제주특별자치도 서귀포시 남원읍 1687,제주특별자치도 서귀포시 표본로 3,[샘플]남원읍숙소0199,,5
200,숙박업,03_11_00_P,6500000,SAMPLE-00200,20230604,1,영업/정상,01,영업/정상,,20230604,제주특별자치도 제주시 연동 1921,제주특별자치도 제주시 표본로 114,[샘플]연동숙소0200,,11
201,숙박업,03_11_00_P,6500000,SAMPLE-00201,20220430,1,영업/정상,01,영업/정상,,20220430,제주특별자치도 제주시 이도이동 1839,제주특별자치도 제주시 표본로 291,[샘플]이도이동숙소0201,,11
202,숙박업,03_11_00_P,6500000,SAMPLE-00202,20240328,1,영업/정상,01,영업/정상,,20240328,제주특별자치도 제주시 이도이동 465,제주특별자치도 제주시 표본로 264,[샘플]이도이동숙소0202,,9
203,농어촌민박업,03_11_00_P,6500000,SAMPLE-00203,20130624,1,영업/정상,01,영업/정상,,20130624,제주특별자치도 서귀포시 서홍동 1507,제주특별자치도 서귀포시 표본로 179,[샘플]서홍동숙소0203,,10
204,숙박업,03_11_00_P,6500000,SAMPLE-00204,20241123,1,영업/정상,01,영업/정상,,20241123,제주특별자치도 서귀포시 표선면 499,제주특별자치도 서귀포시 표본로 206,[샘플]표선면숙소0204,,8
205,숙박업,03_11_00_P,6500000,SAMPLE-00205,20250322,1,영업/정상,01,영업/정상,,20250322,제주특별자치도 서귀포시 중문동 1927,제주특별자치도 서귀포시 표본로 13,[샘플]중문동숙소0205,,3
206,농어촌민박업,03_11_00_P,6500000,SAMPLE-00206,20240310,1,영업/정상,01,영업/정상,,20240310,제주특별자치도 서귀포시 안덕면 1395,제주특별자치도 서귀포시 표본로 263,[샘플]안덕면숙소0206,,4
207,농어촌민박업,03_11_00_P,6500000,SAMPLE-00207,20180616,3,영업/정상,01,휴업,,20180616,제주특별자치도 서귀포시 안덕면 604,제주특별자치도 서귀포시 표본로 253,[샘플]안덕면숙소0207,,7
208,숙박업,03_11_00_P,6500000,SAMPLE-00208,20241012,1,영업/정상,01,영업/정상,,20241012,제주특별자치도 서귀포시 대륜동 578,제주특별자치도 서귀포시 표본로 243,[샘플]대륜동숙소0208,,6
209,농어촌민박업,03_11_00_P,6500000,SAMPLE-00209,20190604,1,영업/정상,01,영업/정상,,20190604,제주특별자치도 제주시 일도이동 196,제주특별자치도 제주시 표본로 171,[샘플]일도이동숙소0209,,4
210,숙박업,03_11_00_P,6500000,SAMPLE-00210,20180826,3,폐업,01,폐업,20260819,20260819,제주특별자치도 서귀포시 안덕면 1382,제주특별자치도 서귀포시 표본로 142,[샘플]안덕면숙소0210,,4
211,관광숙박업,03_11_00_P,6500000,SAMPLE-00211,20220719,1,영업/정상,01,영업/정상,,20220719,제주특별자치도 제주시 연동 1174,제주특별자치도 제주시 표본로 197,[샘플]연동숙소0211,,9
212,농어촌민박업,03_11_00_P,6500000,SAMPLE-00212,20160904,1,영업/정상,01,영업/정상,,20160904,제주특별자치도 제주시 이도이동 1490,제주특별자치도 제주시 표본로 119,[샘플]이도이동숙소0212,,8
213,숙박업,03_11_00_P,6500000,SAMPLE-00213,20210928,1,영업/정상,01,영업/정상,,20210928,제주특별자치도 서귀포시 남원읍 25,제주특별자치도 서귀포시 표본로 13,[샘플]남원읍숙소0213,,12
214,농어촌민박업,03_11_00_P,6500000,SAMPLE-00214,20160714,3,폐업,01,폐업,20240515,20240515,제주특별자치도 서귀포시 안덕면 1171,제주특별자치도 서귀포시 표본로 212,[샘플]안덕면숙소0214,,9
215,농어촌민박업,03_11_00_P,6500000,SAMPLE-00215,20150922,3,폐업,01,폐업,20190226,20190226,제주특별자치도 서귀포시 남원읍 1215,제주특별자치도 서귀포시 표본로 117,[샘플]남원읍숙소0215,,6
216,숙박업,03_11_00_P,6500000,SAMPLE-00216,20250406,1,영업/정상,01,영업/정상,,20250406,제주특별자치도 서귀포시 서홍동 1729,제주특별자치도 서귀포시 표본로 273,[샘플]서홍동숙소0216,,1
217,농어촌민박업,03_11_00_P,6500000,SAMPLE-00217,20240927,1,영업/정상,01,영업/정상,,20240927,제주특별자치도 서귀포시 중문동 247,제주특별자치도 서귀포시 표본로 279,[샘플]중문동숙소0217,,12
218,농어촌민박업,03_11_00_P,6500000,SAMPLE-00218,20180507,1,영업/정상,01,영업/정상,,20180507,제주특별자치도 서귀포시 대정읍 822,제주특별자치도 서귀포시 표본로 16,[샘플]대정읍숙소0218,,8
219,농어촌민박업,03_11_00_P,6500000,SAMPLE-00219,20150930,3,폐업,01,폐업,20240514,20240514,제주특별자치도 서귀포시 대정읍 95,제주특별자치도 서귀포시 표본로 88,[샘플]대정읍숙소0219,,1
220,농어촌민박업,03_11_00_P,6500000,SAMPLE-00220,20230619,1,영업/정상,01,영업/정상,,20230619,제주특별자치도 서귀포시 성산읍 624,제주특별자치도 서귀포시 표본로 59,[샘플]성산읍숙소0220,,8
221,농어촌민박업,03_11_00_P,6500000,SAMPLE-00221,20241122,1,영업/정상,01,영업/정상,,20241122,제주특별자치도 제주시 이도이동 1307,제주특별자치도 제주시 표본로 84,[샘플]이도이동숙소0221,,5
222,농어촌민박업,03_11_00_P,6500000,SAMPLE-00222,20220225,3,폐업,01,폐업,20230706,20230706,제주특별자치도 제주시 조천읍 1213,제주특별자치도 제주시 표본로 240,[샘플]조천읍숙소0222,,12
223,농어촌민박업,03_11_00_P,6500000,SAMPLE-00223,20250111,3,영업/정상,01,휴업,,20250111,제주특별자치도 제주시 조천읍 394,제주특별자치도 제주시 표본로 49,[샘플]조천읍숙소0223,,11
224,숙박업,03_11_00_P,6500000,SAMPLE-00224,20250823,1,영업/정상,01,영업/정상,,20250823,제주특별자치도 서귀포시 서홍동 1694,제주특별자치도 서귀포시 표본로 242,[샘플]서홍동숙소0224,,2
225,숙박업,03_11_00_P,6500000,SAMPLE-00225,20220828,3,폐업,01,폐업,20260121,20260121,제주특별자치도 제주시 한경면 940,제주특별자치도 제주시 표본로 234,[샘플]한경면숙소0225,,9
226,숙박업,03_11_00_P,6500000,SAMPLE-00226,20141030,1,영업/정상,01,영업/정상,,20141030,제주특별자치도 제주시 이도이동 530,제주특별자치도 제주시 표본로 208,[샘플]이도이동숙소0226,,9
227,숙박업,03_11_00_P,6500000,SAMPLE-00227,20140314,1,영업/정상,01,영업/정상,,20140314,제주특별자치도 제주시 삼양동 1442,제주특별자치도 제주시 표본로 42,[샘플]삼양동숙소0227,,10
228,숙박업,03_11_00_P,6500000,SAMPLE-00228,20111229,1,영업/정상,01,영업/정상,,20111229,제주특별자치도 제주시 애월읍 1353,제주특별자치도 제주시 표본로 5,[샘플]애월읍숙소0228,,10
229,숙박업,03_11_00_P,6500000,SAMPLE-00229,20191226,3,영업/정상,01,휴업,,20191226,제주특별자치도 서귀포시 중문동 662,제주특별자치도 서귀포시 표본로 209,[샘플]중문동숙소0229,,11
230,농어촌민박업,03_11_00_P,6500000,SAMPLE-00230,20240410,1,영업/정상,01,영업/정상,,20240410,제주특별자치도 서귀포시 성산읍 1590,제주특별자치도 서귀포시 표본로 127,[샘플]성산읍숙소0230,,4
231,농어촌민박업,03_11_00_P,6500000,SAMPLE-00231,20181121,1,영업/정상,01,영업/정상,,20181121,제주특별자치도 제주시 구좌읍 984,제주특별자치도 제주시 표본로 295,[샘플]구좌읍숙소0231,,6
232,관광숙박업,03_11_00_P,6500000,SAMPLE-00232,20260515,1,영업/정상,01,영업/정상,,20260515,제주특별자치도 서귀포시 남원읍 283,제주특별자치도 서귀포시 표본로 45,[샘플]남원읍숙소0232,,5
233,숙박업,03_11_00_P,6500000,SAMPLE-00233,20200626,1,영업/정상,01,영업/정상,,20200626,제주특별자치도 서귀포시 대정읍 1061,제주특별자치도 서귀포시 표본로 135,[샘플]대정읍숙소0233,,11
234,숙박업,03_11_00_P,6500000,SAMPLE-00234,20230712,1,영업/정상,01,영업/정상,,20230712,제주특별자치도 제주시 한경면 1136,제주특별자치도 제주시 표본로 34,[샘플]한경면숙소0234,,3
235,관광숙박업,03_11_00_P,6500000,SAMPLE-00235,20251123,1,영업/정상,01,영업/정상,,20251123,제주특별자치도 제주시 연동 1954,제주특별자치도 제주시 표본로 96,[샘플]연동숙소0235,,7
236,농어촌민박업,03_11_00_P,6500000,SAMPLE-00236,20220225,3,폐업,01,폐업,20220921,20220921,제주특별자치도 제주시 조천읍 143,제주특별자치도 제주시 표본로 77,[샘플]조천읍숙소0236,,12
237,농어촌민박업,03_11_00_P,6500000,SAMPLE-00237,20210113,1,영업/정상,01,영업/정상,,20210113,제주특별자치도 서귀포시 대륜동 1473,제주특별자치도 서귀포시 표본로 260,[샘플]대륜동숙소0237,,5
238,농어촌민박업,03_11_00_P,6500000,SAMPLE-00238,20191012,3,폐업,01,폐업,20220915,20220915,제주특별자치도 제주시 일도이동 1599,제주특별자치도 제주시 표본로 5,[샘플]일도이동숙소0238,,1
239,농어촌민박업,03_11_00_P,6500000,SAMPLE-00239,20210813,1,영업/정상,01,영업/정상,,20210813,제주특별자치도 서귀포시 동홍동 1222,제주특별자치도 서귀포시 표본로 25,[샘플]동홍동숙소0239,,3
240,농어촌민박업,03_11_00_P,6500000,SAMPLE-00240,20250607,1,영업/정상,01,영업/정상,,20250607,제주특별자치도 서귀포시 성산읍 351,제주특별자치도 서귀포시 표본로 64,[샘플]성산읍숙소0240,,1
241,숙박업,03_11_00_P,6500000,SAMPLE-00241,20170712,3,폐업,01,폐업,20180319,20180319,제주특별자치도 제주시 일도이동 91,제주특별자치도 제주시 표본로 294,[샘플]일도이동숙소0241,,4
242,농어촌민박업,03_11_00_P,6500000,SAMPLE-00242,20210308,1,영업/정상,01,영업/정상,,20210308,제주특별자치도 제주시 한림읍 1942,제주특별자치도 제주시 표본로 257,[샘플]한림읍숙소0242,,1
243,농어촌민박업,03_11_00_P,6500000,SAMPLE-00243,20200204,3,폐업,01,폐업,20201204,20201204,제주특별자치도 서귀포시 서홍동 1585,제주특별자치도 서귀포시 표본로 292,[샘플]서홍동숙소0243,,4
244,농어촌민박업,03_11_00_P,6500000,SAMPLE-00244,20150913,1,영업/정상,01,영업/정상,,20150913,제주특별자치도 서귀포시 중문동 370,제주특별자치도 서귀포시 표본로 77,[샘플]중문동숙소0244,,9
245,농어촌민박업,03_11_00_P,6500000,SAMPLE-00245,20260606,1,영업/정상,01,영업/정상,,20260606,제주특별자치도 서귀포시 안덕면 426,제주특별자치도 서귀포시 표본로 283,[샘플]안덕면숙소0245,,4
246,농어촌민박업,03_11_00_P,6500000,SAMPLE-00246,20260821,1,영업/정상,01,영업/정상,,20260821,제주특별자치도 제주시 구좌읍 1173,제주특별자치도 제주시 표본로 177,[샘플]구좌읍숙소0246,,12
247,숙박업,03_11_00_P,6500000,SAMPLE-00247,20240806,1,영업/정상,01,영업/정상,,20240806,제주특별자치도 서귀포시 표선면 881,제주특별자치도 서귀포시 표본로 90,[샘플]표선면숙소0247,,6
248,농어촌민박업,03_11_00_P,6500000,SAMPLE-00248,20231128,3,폐업,01,폐업,20260127,20260127,제주특별자치도 서귀포시 안덕면 1888,제주특별자치도 서귀포시 표본로 232,[샘플]안덕면숙소0248,,10
249,농어촌민박업,03_11_00_P,6500000,SAMPLE-00249,20260302,1,영업/정상,01,영업/정상,,20260302,제주특별자치도 제주시 일도이동 1697,제주특별자치도 제주시 표본로 29,[샘플]일도이동숙소0249,,10
250,관광숙박업,03_11_00_P,6500000,SAMPLE-00250,20210430,1,영업/정상,01,영업/정상,,20210430,제주특별자치도 서귀포시 안덕면 241,제주특별자치도 서귀포시 표본로 7,[샘플]안덕면숙소0250,,12
251,농어촌민박업,03_11_00_P,6500000,SAMPLE-00251,20220702,1,영업/정상,01,영업/정상,,20220702,제주특별자치도 제주시 일도이동 1775,제주특별자치도 제주시 표본로 220,[샘플]일도이동숙소0251,,5
252,농어촌민박업,03_11_00_P,6500000,SAMPLE-00252,20170520,3,폐업,01,폐업,20190617,20190617,제주특별자치도 서귀포시 서홍동 1073,제주특별자치도 서귀포시 표본로 294,[샘플]서홍동숙소0252,,11
253,농어촌민박업,03_11_00_P,6500000,SAMPLE-00253,20190820,3,폐업,01,폐업,20221111,20221111,제주특별자치도 제주시 구좌읍 1873,제주특별자치도 제주시 표본로 73,[샘플]구좌읍숙소0253,,12
254,농어촌민박업,03_11_00_P,6500000,SAMPLE-00254,20230528,1,영업/정상,01,영업/정상,,20230528,제주특별자치도 제주시 조천읍 102,제주특별자치도 제주시 표본로 257,[샘플]조천읍숙소0254,,4
255,숙박업,03_11_00_P,6500000,SAMPLE-00255,20200722,3,폐업,01,폐업,20260203,20260203,제주특별자치도 제주시 한경면 149,제주특별자치도 제주시 표본로 278,[샘플]한경면숙소0255,,9
256,농어촌민박업,03_11_00_P,6500000,SAMPLE-00256,20251130,1,영업/정상,01,영업/정상,,20251130,제주특별자치도 서귀포시 성산읍 1505,제주특별자치도 서귀포시 표본로 243,[샘플]성산읍숙소0256,,11
257,농어촌민박업,03_11_00_P,6500000,SAMPLE-00257,20140226,3,폐업,01,폐업,20230619,20230619,제주특별자치도 제주시 구좌읍 425,제주특별자치도 제주시 표본로 128,[샘플]구좌읍숙소0257,,1
258,농어촌민박업,03_11_00_P,6500000,SAMPLE-00258,20220612,3,폐업,01,폐업,20230827,20230827,제주특별자치도 서귀포시 안덕면 1176,제주특별자치도 서귀포시 표본로 107,[샘플]안덕면숙소0258,,12
259,농어촌민박업,03_11_00_P,6500000,SAMPLE-00259,20250412,1,영업/정상,01,영업/정상,,20250412,제주특별자치도 서귀포시 안덕면 926,제주특별자치도 서귀포시 표본로 37,[샘플]안덕면숙소0259,,1
260,농어촌민박업,03_11_00_P,6500000,SAMPLE-00260,20241219,1,영업/정상,01,영업/정상,,20241219,제주특별자치도 제주시 한림읍 250,제주특별자치도 제주시 표본로 280,[샘플]한림읍숙소0260,,1
261,숙박업,03_11_00_P,6500000,SAMPLE-00261,20200520,1,영업/정상,01,영업/정상,,20200520,제주특별자치도 제주시 조천읍 946,제주특별자치도 제주시 표본로 141,[샘플]조천읍숙소0261,,2
262,농어촌민박업,03_11_00_P,6500000,SAMPLE-00262,20231110,1,영업/정상,01,영업/정상,,20231110,제주특별자치도 제주시 일도이동 532,제주특별자치도 제주시 표본로 119,[샘플]일도이동숙소0262,,1
263,농어촌민박업,03_11_00_P,6500000,SAMPLE-00263,20210328,1,영업/정상,01,영업/정상,,20210328,제주특별자치도 제주시 애월읍 551,제주특별자치도 제주시 표본로 250,[샘플]애월읍숙소0263,,1
264,농어촌민박업,03_11_00_P,6500000,SAMPLE-00264,20180511,3,폐업,01,폐업,20260524,20260524,제주특별자치도 서귀포시 서홍동 1259,제주특별자치도 서귀포시 표본로 217,[샘플]서홍동숙소0264,,6
265,농어촌민박업,03_11_00_P,6500000,SAMPLE-00265,20250111,1,영업/정상,01,영업/정상,,20250111,제주특별자치도 서귀포시 표선면 1375,제주특별자치도 서귀포시 표본로 196,[샘플]표선면숙소0265,,11
266,농어촌민박업,03_11_00_P,6500000,SAMPLE-00266,20241207,1,영업/정상,01,영업/정상,,20241207,제주특별자치도 제주시 노형동 1349,제주특별자치도 제주시 표본로 7,[샘플]노형동숙소0266,,9
267,농어촌민박업,03_11_00_P,6500000,SAMPLE-00267,20181011,3,폐업,01,폐업,20260826,20260826,제주특별자치도 서귀포시 대륜동 1915,제주특별자치도 서귀포시 표본로 139,[샘플]대륜동숙소0267,,2
268,숙박업,03_11_00_P,6500000,SAMPLE-00268,20250525,1,영업/정상,01,영업/정상,,20250525,제주특별자치도 제주시 한림읍 416,제주특별자치도 제주시 표본로 42,[샘플]한림읍숙소0268,,1
269,숙박업,03_11_00_P,6500000,SAMPLE-00269,20260408,1,영업/정상,01,영업/정상,,20260408,제주특별자치도 서귀포시 중문동 731,제주특별자치도 서귀포시 표본로 257,[샘플]중문동숙소0269,,3
270,숙박업,03_11_00_P,6500000,SAMPLE-00270,20250221,1,영업/정상,01,영업/정상,,20250221,제주특별자치도 서귀포시 안덕면 58,제주특별자치도 서귀포시 표본로 152,[샘플]안덕면숙소0270,,7
271,농어촌민박업,03_11_00_P,6500000,SAMPLE-00271,20200523,1,영업/정상,01,영업/정상,,20200523,제주특별자치도 제주시 일도이동 71,제주특별자치도 제주시 표본로 277,[샘플]일도이동숙소0271,,2
272,숙박업,03_11_00_P,6500000,SAMPLE-00272,20230912,1,영업/정상,01,영업/정상,,20230912,제주특별자치도 제주시 일도이동 1037,제주특별자치도 제주시 표본로 146,[샘플]일도이동숙소0272,,3
273,농어촌민박업,03_11_00_P,6500000,SAMPLE-00273,20181029,3,폐업,01,폐업,20210411,20210411,제주특별자치도 제주시 연동 1864,제주특별자치도 제주시 표본로 167,[샘플]연동숙소0273,,9
274,농어촌민박업,03_11_00_P,6500000,SAMPLE-00274,20211210,3,폐업,01,폐업,20240527,20240527,제주특별자치도 서귀포시 남원읍 1629,제주특별자치도 서귀포시 표본로 113,[샘플]남원읍숙소0274,,12
275,농어촌민박업,03_11_00_P,6500000,SAMPLE-00275,20191127,1,영업/정상,01,영업/정상,,20191127,제주특별자치도 서귀포시 서홍동 1196,제주특별자치도 서귀포시 표본로 262,[샘플]서홍동숙소0275,,11
276,농어촌민박업,03_11_00_P,6500000,SAMPLE-00276,20130309,3,폐업,01,폐업,20240328,20240328,제주특별자치도 제주시 이도이동 1818,제주특별자치도 제주시 표본로 235,[샘플]이도이동숙소0276,,1
277,농어촌민박업,03_11_00_P,6500000,SAMPLE-00277,20150623,1,영업/정상,01,영업/정상,,20150623,제주특별자치도 제주시 삼양동 1129,제주특별자치도 제주시 표본로 134,[샘플]삼양동숙소0277,,1
278,관광숙박업,03_11_00_P,6500000,SAMPLE-00278,20210620,1,영업/정상,01,영업/정상,,20210620,제주특별자치도 서귀포시 대륜동 1415,제주특별자치도 서귀포시 표본로 75,[샘플]대륜동숙소0278,,10
279,농어촌민박업,03_11_00_P,6500000,SAMPLE-00279,20241108,1,영업/정상,01,영업/정상,,20241108,제주특별자치도 제주시 일도이동 1230,제주특별자치도 제주시 표본로 129,[샘플]일도이동숙소0279,,4
280,농어촌민박업,03_11_00_P,6500000,SAMPLE-00280,20250818,1,영업/정상,01,영업/정상,,20250818,제주특별자치도 서귀포시 중문동 568,제주특별자치도 서귀포시 표본로 56,[샘플]중문동숙소0280,,4
281,관광숙박업,03_11_00_P,6500000,SAMPLE-00281,20200703,3,폐업,01,폐업,20250524,20250524,제주특별자치도 제주시 한림읍 1353,제주특별자치도 제주시 표본로 227,[샘플]한림읍숙소0281,,4
282,농어촌민박업,03_11_00_P,6500000,SAMPLE-00282,20170421,1,영업/정상,01,영업/정상,,20170421,제주특별자치도 제주시 연동 1952,제주특별자치도 제주시 표본로 138,[샘플]연동숙소0282,,5
283,숙박업,03_11_00_P,6500000,SAMPLE-00283,20211116,1,영업/정상,01,영업/정상,,20211116,제주특별자치도 제주시 이도이동 887,제주특별자치도 제주시 표본로 107,[샘플]이도이동숙소0283,,9
284,숙박업,03_11_00_P,6500000,SAMPLE-00284,20150705,3,폐업,01,폐업,20241207,20241207,제주특별자치도 제주시 구좌읍 447,제주특별자치도 제주시 표본로 155,[샘플]구좌읍숙소0284,,7
285,숙박업,03_11_00_P,6500000,SAMPLE-00285,20151223,1,영업/정상,01,영업/정상,,20151223,제주특별자치도 서귀포시 대륜동 312,제주특별자치도 서귀포시 표본로 213,[샘플]대륜동숙소0285,,8
286,숙박업,03_11_00_P,6500000,SAMPLE-00286,20170107,1,영업/정상,01,영업/정상,,20170107,제주특별자치도 제주시 애월읍 653,제주특별자치도 제주시 표본로 144,[샘플]애월읍숙소0286,,9
287,숙박업,03_11_00_P,6500000,SAMPLE-00287,20211127,1,영업/정상,01,영업/정상,,20211127,제주특별자치도 제주시 한림읍 946,제주특별자치도 제주시 표본로 84,[샘플]한림읍숙소0287,,1
288,농어촌민박업,03_11_00_P,6500000,SAMPLE-00288,20181221,1,영업/정상,01,영업/정상,,20181221,제주특별자치도 서귀포시 남원읍 1987,제주특별자치도 서귀포시 표본로 54,[샘플]남원읍숙소0288,,3
289,농어촌민박업,03_11_00_P,6500000,SAMPLE-00289,20190414,1,영업/정상,01,영업/정상,,20190414,제주특별자치도 서귀포시 서홍동 1376,제주특별자치도 서귀포시 표본로 65,[샘플]서홍동숙소0289,,7
290,농어촌민박업,03_11_00_P,6500000,SAMPLE-00290,20241129,1,영업/정상,01,영업/정상,,20241129,제주특별자치도 제주시 조천읍 562,제주특별자치도 제주시 표본로 240,[샘플]조천읍숙소0290,,12
291,농어촌민박업,03_11_00_P,6500000,SAMPLE-00291,20250719,1,영업/정상,01,영업/정상,,20250719,제주특별자치도 서귀포시 표선면 1368,제주특별자치도 서귀포시 표본로 91,[샘플]표선면숙소0291,,6
292,숙박업,03_11_00_P,6500000,SAMPLE-00292,20260308,1,영업/정상,01,영업/정상,,20260308,제주특별자치도 제주시 삼양동 1966,제주특별자치도 제주시 표본로 254,[샘플]삼양동숙소0292,,8
293,농어촌민박업,03_11_00_P,6500000,SAMPLE-00293,20181220,3,폐업,01,폐업,20210912,20210912,제주특별자치도 제주시 한경면 248,제주특별자치도 제주시 표본로 278,[샘플]한경면숙소0293,,9
294,농어촌민박업,03_11_00_P,6500000,SAMPLE-00294,20160923,1,영업/정상,01,영업/정상,,20160923,제주특별자치도 서귀포시 동홍동 804,제주특별자치도 서귀포시 표본로 117,[샘플]동홍동숙소0294,,4
295,농어촌민박업,03_11_00_P,6500000,SAMPLE-00295,20230117,1,영업/정상,01,영업/정상,,20230117,제주특별자치도 서귀포시 동홍동 619,제주특별자치도 서귀포시 표본로 145,[샘플]동홍동숙소0295,,9
296,농어촌민박업,03_11_00_P,6500000,SAMPLE-00296,20210523,1,영업/정상,01,영업/정상,,20210523,제주특별자치도 제주시 삼양동 762,제주특별자치도 제주시 표본로 234,[샘플]삼양동숙소0296,,12
297,농어촌민박업,03_11_00_P,6500000,SAMPLE-00297,20141119,1,영업/정상,01,영업/정상,,20141119,제주특별자치도 서귀포시 성산읍 1012,제주특별자치도 서귀포시 표본로 49,[샘플]성산읍숙소0297,,3
298,농어촌민박업,03_11_00_P,6500000,SAMPLE-00298,20150530,1,영업/정상,01,영업/정상,,20150530,제주특별자치도 제주시 일도이동 160,제주특별자치도 제주시 표본로 219,[샘플]일도이동숙소0298,,5
299,농어촌민박업,03_11_00_P,6500000,SAMPLE-00299,20220526,1,영업/정상,01,영업/정상,,20220526,제주특별자치도 서귀포시 대륜동 662,제주특별자치도 서귀포시 표본로 48,[샘플]대륜동숙소0299,,8
300,숙박업,03_11_00_P,6500000,SAMPLE-00300,20220727,3,폐업,01,폐업,20240610,20240610,제주특별자치도 제주시 한경면 395,제주특별자치도 제주시 표본로 212,[샘플]한경면숙소0300,,8
301,숙박업,03_11_00_P,6500000,SAMPLE-00301,20240529,3,폐업,01,폐업,20250618,20250618,제주특별자치도 제주시 구좌읍 591,제주특별자치도 제주시 표본로 37,[샘플]구좌읍숙소0301,,1
302,농어촌민박업,03_11_00_P,6500000,SAMPLE-00302,20251221,1,영업/정상,01,영업/정상,,20251221,제주특별자치도 제주시 조천읍 1246,제주특별자치도 제주시 표본로 106,[샘플]조천읍숙소0302,,4
303,농어촌민박업,03_11_00_P,6500000,SAMPLE-00303,20190828,1,영업/정상,01,영업/정상,,20190828,제주특별자치도 서귀포시 대정읍 1233,제주특별자치도 서귀포시 표본로 74,[샘플]대정읍숙소0303,,12
304,농어촌민박업,03_11_00_P,6500000,SAMPLE-00304,20240522,1,영업/정상,01,영업/정상,,20240522,제주특별자치도 제주시 노형동 1231,제주특별자치도 제주시 표본로 289,[샘플]노형동숙소0304,,2
305,농어촌민박업,03_11_00_P,6500000,SAMPLE-00305,20200916,1,영업/정상,01,영업/정상,,20200916,제주특별자치도 제주시 한림읍 1527,제주특별자치도 제주시 표본로 268,[샘플]한림읍숙소0305,,8
306,농어촌민박업,03_11_00_P,6500000,SAMPLE-00306,20200306,3,폐업,01,폐업,20221104,20221104,제주특별자치도 서귀포시 남원읍 267,제주특별자치도 서귀포시 표본로 209,[샘플]남원읍숙소0306,,9
307,숙박업,03_11_00_P,6500000,SAMPLE-00307,20180101,3,영업/정상,01,휴업,,20180101,제주특별자치도 서귀포시 성산읍 710,제주특별자치도 서귀포시 표본로 38,[샘플]성산읍숙소0307,,2
308,관광숙박업,03_11_00_P,6500000,SAMPLE-00308,20220212,3,폐업,01,폐업,20230925,20230925,제주특별자치도 서귀포시 안덕면 112,제주특별자치도 서귀포시 표본로 134,[샘플]안덕면숙소0308,,9
309,숙박업,03_11_00_P,6500000,SAMPLE-00309,20210925,1,영업/정상,01,영업/정상,,20210925,제주특별자치도 제주시 한경면 143,제주특별자치도 제주시 표본로 186,[샘플]한경면숙소0309,,5
310,숙박업,03_11_00_P,6500000,SAMPLE-00310,20110830,1,영업/정상,01,영업/정상,,20110830,제주특별자치도 서귀포시 서홍동 1516,제주특별자치도 서귀포시 표본로 160,[샘플]서홍동숙소0310,,8
311,숙박업,03_11_00_P,6500000,SAMPLE-00311,20230604,1,영업/정상,01,영업/정상,,20230604,제주특별자치도 서귀포시 대정읍 291,제주특별자치도 서귀포시 표본로 152,[샘플]대정읍숙소0311,,3
312,농어촌민박업,03_11_00_P,6500000,SAMPLE-00312,20140222,3,폐업,01,폐업,20241115,20241115,제주특별자치도 서귀포시 동홍동 399,제주특별자치도 서귀포시 표본로 281,[샘플]동홍동숙소0312,,8
313,관광숙박업,03_11_00_P,6500000,SAMPLE-00313,20220709,3,폐업,01,폐업,20230930,20230930,제주특별자치도 제주시 구좌읍 1466,제주특별자치도 제주시 표본로 267,[샘플]구좌읍숙소0313,,9
314,농어촌민박업,03_11_00_P,6500000,SAMPLE-00314,20220224,3,폐업,01,폐업,20260604,20260604,제주특별자치도 서귀포시 성산읍 38,제주특별자치도 서귀포시 표본로 215,[샘플]성산읍숙소0314,,1
315,숙박업,03_11_00_P,6500000,SAMPLE-00315,20150628,3,폐업,01,폐업,20160828,20160828,제주특별자치도 서귀포시 동홍동 1801,제주특별자치도 서귀포시 표본로 148,[샘플]동홍동숙소0315,,9
316,농어촌민박업,03_11_00_P,6500000,SAMPLE-00316,20200525,3,폐업,01,폐업,20230825,20230825,제주특별자치도 제주시 이도이동 1745,제주특별자치도 제주시 표본로 113,[샘플]이도이동숙소0316,,8
317,숙박업,03_11_00_P,6500000,SAMPLE-00317,20161111,3,폐업,01,폐업,20190629,20190629,제주특별자치도 서귀포시 동홍동 686,제주특별자치도 서귀포시 표본로 288,[샘플]동홍동숙소0317,,2
318,농어촌민박업,03_11_00_P,6500000,SAMPLE-00318,20230720,1,영업/정상,01,영업/정상,,20230720,제주특별자치도 서귀포시 동홍동 883,제주특별자치도 서귀포시 표본로 181,[샘플]동홍동숙소0318,,7
319,숙박업,03_11_00_P,6500000,SAMPLE-00319,20241106,1,영업/정상,01,영업/정상,,20241106,제주특별자치도 제주시 삼양동 1802,제주특별자치도 제주시 표본로 187,[샘플]삼양동숙소0319,,4
320,농어촌민박업,03_11_00_P,6500000,SAMPLE-00320,20180329,3,폐업,01,폐업,20260303,20260303,제주특별자치도 제주시 한경면 156,제주특별자치도 제주시 표본로 92,[샘플]한경면숙소0320,,12
321,농어촌민박업,03_11_00_P,6500000,SAMPLE-00321,20180604,3,폐업,01,폐업,20230323,20230323,제주특별자치도 제주시 연동 643,제주특별자치도 제주시 표본로 72,[샘플]연동숙소0321,,4
322,농어촌민박업,03_11_00_P,6500000,SAMPLE-00322,20190123,1,영업/정상,01,영업/정상,,20190123,제주특별자치도 제주시 애월읍 264,제주특별자치도 제주시 표본로 282,[샘플]애월읍숙소0322,,12
323,농어촌민박업,03_11_00_P,6500000,SAMPLE-00323,20190221,1,영업/정상,01,영업/정상,,20190221,제주특별자치도 제주시 애월읍 131,제주특별자치도 제주시 표본로 239,[샘플]애월읍숙소0323,,2
324,농어촌민박업,03_11_00_P,6500000,SAMPLE-00324,20180421,3,폐업,01,폐업,20240622,20240622,제주특별자치도 서귀포시 서홍동 977,제주특별자치도 서귀포시 표본로 170,[샘플]서홍동숙소0324,,5
325,숙박업,03_11_00_P,6500000,SAMPLE-00325,20221208,3,폐업,01,폐업,20240804,20240804,제주특별자치도 제주시 구좌읍 1539,제주특별자치도 제주시 표본로 17,[샘플]구좌읍숙소0325,,1
326,숙박업,03_11_00_P,6500000,SAMPLE-00326,20260421,1,영업/정상,01,영업/정상,,20260421,제주특별자치도 제주시 애월읍 88,제주특별자치도 제주시 표본로 293,[샘플]애월읍숙소0326,,1
327,농어촌민박업,03_11_00_P,6500000,SAMPLE-00327,20170627,3,폐업,01,폐업,20220328,20220328,제주특별자치도 서귀포시 표선면 328,제주특별자치도 서귀포시 표본로 255,[샘플]표선면숙소0327,,7
328,농어촌민박업,03_11_00_P,6500000,SAMPLE-00328,20220121,1,영업/정상,01,영업/정상,,20220121,제주특별자치도 서귀포시 표선면 794,제주특별자치도 서귀포시 표본로 104,[샘플]표선면숙소0328,,10
329,농어촌민박업,03_11_00_P,6500000,SAMPLE-00329,20171022,1,영업/정상,01,영업/정상,,20171022,제주특별자치도 제주시 이도이동 1080,제주특별자치도 제주시 표본로 137,[샘플]이도이동숙소0329,,10
330,숙박업,03_11_00_P,6500000,SAMPLE-00330,20160725,1,영업/정상,01,영업/정상,,20160725,제주특별자치도 제주시 한경면 1015,제주특별자치도 제주시 표본로 58,[샘플]한경면숙소0330,,6
331,숙박업,03_11_00_P,6500000,SAMPLE-00331,20141014,1,영업/정상,01,영업/정상,,20141014,제주특별자치도 제주시 한경면 622,제주특별자치도 제주시 표본로 12,[샘플]한경면숙소0331,,2
332,농어촌민박업,03_11_00_P,6500000,SAMPLE-00332,20150701,3,폐업,01,폐업,20210808,20210808,제주특별자치도 제주시 일도이동 797,제주특별자치도 제주시 표본로 73,[샘플]일도이동숙소0332,,6
333,숙박업,03_11_00_P,6500000,SAMPLE-00333,20260516,1,영업/정상,01,영업/정상,,20260516,제주특별자치도 제주시 애월읍 545,제주특별자치도 제주시 표본로 176,[샘플]애월읍숙소0333,,1
334,농어촌민박업,03_11_00_P,6500000,SAMPLE-00334,20160203,3,폐업,01,폐업,20220110,20220110,제주특별자치도 제주시 구좌읍 1118,제주특별자치도 제주시 표본로 9,[샘플]구좌읍숙소0334,,10
335,숙박업,03_11_00_P,6500000,SAMPLE-00335,20240407,3,폐업,01,폐업,20251226,20251226,제주특별자치도 제주시 구좌읍 1025,제주특별자치도 제주시 표본로 264,[샘플]구좌읍숙소0335,,9
336,농어촌민박업,03_11_00_P,6500000,SAMPLE-00336,20220220,1,영업/정상,01,영업/정상,,20220220,제주특별자치도 제주시 구좌읍 1796,제주특별자치도 제주시 표본로 15,[샘플]구좌읍숙소0336,,2
337,농어촌민박업,03_11_00_P,6500000,SAMPLE-00337,20230813,1,영업/정상,01,영업/정상,,20230813,제주특별자치도 서귀포시 대정읍 863,제주특별자치도 서귀포시 표본로 141,[샘플]대정읍숙소0337,,11
338,관광숙박업,03_11_00_P,6500000,SAMPLE-00338,20140919,1,영업/정상,01,영업/정상,,20140919,제주특별자치도 서귀포시 중문동 643,제주특별자치도 서귀포시 표본로 277,[샘플]중문동숙소0338,,6
339,농어촌민박업,03_11_00_P,6500000,SAMPLE-00339,20190509,1,영업/정상,01,영업/정상,,20190509,제주특별자치도 서귀포시 안덕면 55,제주특별자치도 서귀포시 표본로 8,[샘플]안덕면숙소0339,,9
340,농어촌민박업,03_11_00_P,6500000,SAMPLE-00340,20230510,3,폐업,01,폐업,20251220,20251220,제주특별자치도 서귀포시 안덕면 292,제주특별자치도 서귀포시 표본로 129,[샘플]안덕면숙소0340,,6
341,농어촌민박업,03_11_00_P,6500000,SAMPLE-00341,20131227,3,폐업,01,폐업,20170421,20170421,제주특별자치도 서귀포시 성산읍 158,제주특별자치도 서귀포시 표본로 202,[샘플]성산읍숙소0341,,8
342,숙박업,03_11_00_P,6500000,SAMPLE-00342,20181220,1,영업/정상,01,영업/정상,,20181220,제주특별자치도 서귀포시 안덕면 331,제주특별자치도 서귀포시 표본로 230,[샘플]안덕면숙소0342,,12
343,농어촌민박업,03_11_00_P,6500000,SAMPLE-00343,20140128,3,폐업,01,폐업,20180827,20180827,제주특별자치도 서귀포시 성산읍 61,제주특별자치도 서귀포시 표본로 211,[샘플]성산읍숙소0343,,1
344,숙박업,03_11_00_P,6500000,SAMPLE-00344,20210609,3,폐업,01,폐업,20241129,20241129,제주특별자치도 서귀포시 남원읍 1024,제주특별자치도 서귀포시 표본로 246,[샘플]남원읍숙소0344,,6
345,숙박업,03_11_00_P,6500000,SAMPLE-00345,20221112,1,영업/정상,01,영업/정상,,20221112,제주특별자치도 제주시 삼양동 1786,제주특별자치도 제주시 표본로 148,[샘플]삼양동숙소0345,,4
346,숙박업,03_11_00_P,6500000,SAMPLE-00346,20200513,3,폐업,01,폐업,20260422,20260422,제주특별자치도 서귀포시 남원읍 1081,제주특별자치도 서귀포시 표본로 44,[샘플]남원읍숙소0346,,7
347,농어촌민박업,03_11_00_P,6500000,SAMPLE-00347,20120827,1,영업/정상,01,영업/정상,,20120827,제주특별자치도 제주시 연동 215,제주특별자치도 제주시 표본로 77,[샘플]연동숙소0347,,12
348,농어촌민박업,03_11_00_P,6500000,SAMPLE-00348,20260429,1,영업/정상,01,영업/정상,,20260429,제주특별자치도 제주시 일도이동 1137,제주특별자치도 제주시 표본로 166,[샘플]일도이동숙소0348,,4
349,숙박업,03_11_00_P,6500000,SAMPLE-00349,20190417,3,폐업,01,폐업,20200410,20200410,제주특별자치도 제주시 삼양동 1598,제주특별자치도 제주시 표본로 149,[샘플]삼양동숙소0349,,8
350,농어촌민박업,03_11_00_P,6500000,SAMPLE-00350,20260330,1,영업/정상,01,영업/정상,,20260330,제주특별자치도 제주시 한림읍 738,제주특별자치도 제주시 표본로 82,[샘플]한림읍숙소0350,,7
351,농어촌민박업,03_11_00_P,6500000,SAMPLE-00351,20260222,1,영업/정상,01,영업/정상,,20260222,제주특별자치도 서귀포시 성산읍 1792,제주특별자치도 서귀포시 표본로 223,[샘플]성산읍숙소0351,,7
352,농어촌민박업,03_11_00_P,6500000,SAMPLE-00352,20230914,1,영업/정상,01,영업/정상,,20230914,제주특별자치도 제주시 이도이동 1161,제주특별자치도 제주시 표본로 286,[샘플]이도이동숙소0352,,8
353,농어촌민박업,03_11_00_P,6500000,SAMPLE-00353,20240909,1,영업/정상,01,영업/정상,,20240909,제주특별자치도 서귀포시 성산읍 1847,제주특별자치도 서귀포시 표본로 30,[샘플]성산읍숙소0353,,1
354,숙박업,03_11_00_P,6500000,SAMPLE-00354,20121230,3,폐업,01,폐업,20131229,20131229,제주특별자치도 제주시 조천읍 1193,제주특별자치도 제주시 표본로 216,[샘플]조천읍숙소0354,,4
355,농어촌민박업,03_11_00_P,6500000,SAMPLE-00355,20150120,1,영업/정상,01,영업/정상,,20150120,제주특별자치도 서귀포시 남원읍 351,제주특별자치도 서귀포시 표본로 253,[샘플]남원읍숙소0355,,11
356,농어촌민박업,03_11_00_P,6500000,SAMPLE-00356,20111021,1,영업/정상,01,영업/정상,,20111021,제주특별자치도 제주시 일도이동 1619,제주특별자치도 제주시 표본로 32,[샘플]일도이동숙소0356,,7
357,농어촌민박업,03_11_00_P,6500000,SAMPLE-00357,20240711,1,영업/정상,01,영업/정상,,20240711,제주특별자치도 제주시 연동 912,제주특별자치도 제주시 표본로 255,[샘플]연동숙소0357,,12
358,농어촌민박업,03_11_00_P,6500000,SAMPLE-00358,20260816,1,영업/정상,01,영업/정상,,20260816,제주특별자치도 제주시 구좌읍 1904,제주특별자치도 제주시 표본로 131,[샘플]구좌읍숙소0358,,9
359,농어촌민박업,03_11_00_P,6500000,SAMPLE-00359,20150323,3,폐업,01,폐업,20250617,20250617,제주특별자치도 서귀포시 동홍동 66,제주특별자치도 서귀포시 표본로 4,[샘플]동홍동숙소0359,,5
360,농어촌민박업,03_11_00_P,6500000,SAMPLE-00360,20230413,1,영업/정상,01,영업/정상,,20230413,제주특별자치도 제주시 한림읍 1422,제주특별자치도 제주시 표본로 117,[샘플]한림읍숙소0360,,9
361,농어촌민박업,03_11_00_P,6500000,SAMPLE-00361,20201213,1,영업/정상,01,영업/정상,,20201213,제주특별자치도 제주시 연동 1243,제주특별자치도 제주시 표본로 188,[샘플]연동숙소0361,,2
362,숙박업,03_11_00_P,6500000,SAMPLE-00362,20230329,1,영업/정상,01,영업/정상,,20230329,제주특별자치도 서귀포시 중문동 1094,제주특별자치도 서귀포시 표본로 281,[샘플]중문동숙소0362,,1
363,관광숙박업,03_11_00_P,6500000,SAMPLE-00363,20151220,1,영업/정상,01,영업/정상,,20151220,제주특별자치도 서귀포시 남원읍 875,제주특별자치도 서귀포시 표본로 100,[샘플]남원읍숙소0363,,2
364,관광숙박업,03_11_00_P,6500000,SAMPLE-00364,20190726,1,영업/정상,01,영업/정상,,20190726,제주특별자치도 서귀포시 대륜동 866,제주특별자치도 서귀포시 표본로 230,[샘플]대륜동숙소0364,,5
365,숙박업,03_11_00_P,6500000,SAMPLE-00365,20131010,1,영업/정상,01,영업/정상,,20131010,제주특별자치도 제주시 이도이동 756,제주특별자치도 제주시 표본로 296,[샘플]이도이동숙소0365,,3
366,농어촌민박업,03_11_00_P,6500000,SAMPLE-00366,20200924,1,영업/정상,01,영업/정상,,20200924,제주특별자치도 제주시 애월읍 1920,제주특별자치도 제주시 표본로 270,[샘플]애월읍숙소0366,,2
367,농어촌민박업,03_11_00_P,6500000,SAMPLE-00367,20120318,3,폐업,01,폐업,20240314,20240314,제주특별자치도 서귀포시 중문동 1970,제주특별자치도 서귀포시 표본로 130,[샘플]중문동숙소0367,,12
368,농어촌민박업,03_11_00_P,6500000,SAMPLE-00368,20120115,3,폐업,01,폐업,20190205,20190205,제주특별자치도 제주시 조천읍 749,제주특별자치도 제주시 표본로 204,[샘플]조천읍숙소0368,,11
369,숙박업,03_11_00_P,6500000,SAMPLE-00369,20160121,3,폐업,01,폐업,20230812,20230812,제주특별자치도 서귀포시 서홍동 846,제주특별자치도 서귀포시 표본로 199,[샘플]서홍동숙소0369,,1
370,숙박업,03_11_00_P,6500000,SAMPLE-00370,20220127,1,영업/정상,01,영업/정상,,20220127,제주특별자치도 제주시 한림읍 828,제주특별자치도 제주시 표본로 50,[샘플]한림읍숙소0370,,3
371,농어촌민박업,03_11_00_P,6500000,SAMPLE-00371,20130725,3,폐업,01,폐업,20241207,20241207,제주특별자치도 서귀포시 서홍동 681,제주특별자치도 서귀포시 표본로 86,[샘플]서홍동숙소0371,,11
372,농어촌민박업,03_11_00_P,6500000,SAMPLE-00372,20221026,1,영업/정상,01,영업/정상,,20221026,제주특별자치도 제주시 일도이동 1891,제주특별자치도 제주시 표본로 292,[샘플]일도이동숙소0372,,2
373,숙박업,03_11_00_P,6500000,SAMPLE-00373,20120219,1,영업/정상,01,영업/정상,,20120219,제주특별자치도 서귀포시 대륜동 1096,제주특별자치도 서귀포시 표본로 200,[샘플]대륜동숙소0373,,2
374,숙박업,03_11_00_P,6500000,SAMPLE-00374,20240223,1,영업/정상,01,영업/정상,,20240223,제주특별자치도 서귀포시 중문동 1740,제주특별자치도 서귀포시 표본로 79,[샘플]중문동숙소0374,,3
375,관광숙박업,03_11_00_P,6500000,SAMPLE-00375,20230512,1,영업/정상,01,영업/정상,,20230512,제주특별자치도 서귀포시 대정읍 1271,제주특별자치도 서귀포시 표본로 276,[샘플]대정읍숙소0375,,10
376,숙박업,03_11_00_P,6500000,SAMPLE-00376,20260405,1,영업/정상,01,영업/정상,,20260405,제주특별자치도 제주시 노형동 451,제주특별자치도 제주시 표본로 146,[샘플]노형동숙소0376,,5
377,숙박업,03_11_00_P,6500000,SAMPLE-00377,20140810,3,폐업,01,폐업,20210829,20210829,제주특별자치도 제주시 조천읍 120,제주특별자치도 제주시 표본로 230,[샘플]조천읍숙소0377,,10
378,숙박업,03_11_00_P,6500000,SAMPLE-00378,20160115,3,폐업,01,폐업,20171025,20171025,제주특별자치도 서귀포시 대정읍 1321,제주특별자치도 서귀포시 표본로 147,[샘플]대정읍숙소0378,,1
379,숙박업,03_11_00_P,6500000,SAMPLE-00379,20220126,1,영업/정상,01,영업/정상,,20220126,제주특별자치도 제주시 삼양동 1784,제주특별자치도 제주시 표본로 72,[샘플]삼양동숙소0379,,10
380,숙박업,03_11_00_P,6500000,SAMPLE-00380,20250611,1,영업/정상,01,영업/정상,,20250611,제주특별자치도 서귀포시 표선면 1537,제주특별자치도 서귀포시 표본로 234,[샘플]표선면숙소0380,,3
381,관광숙박업,03_11_00_P,6500000,SAMPLE-00381,20110620,3,폐업,01,폐업,20140305,20140305,제주특별자치도 제주시 일도이동 444,제주특별자치도 제주시 표본로 267,[샘플]일도이동숙소0381,,7
382,숙박업,03_11_00_P,6500000,SAMPLE-00382,20220513,1,영업/정상,01,영업/정상,,20220513,제주특별자치도 서귀포시 대륜동 33,제주특별자치도 서귀포시 표본로 87,[샘플]대륜동숙소0382,,2
383,농어촌민박업,03_11_00_P,6500000,SAMPLE-00383,20210302,1,영업/정상,01,영업/정상,,20210302,제주특별자치도 제주시 한림읍 853,제주특별자치도 제주시 표본로 129,[샘플]한림읍숙소0383,,11
384,농어촌민박업,03_11_00_P,6500000,SAMPLE-00384,20250808,1,영업/정상,01,영업/정상,,20250808,제주특별자치도 제주시 연동 1069,제주특별자치도 제주시 표본로 268,[샘플]연동숙소0384,,10
385,숙박업,03_11_00_P,6500000,SAMPLE-00385,20181209,1,영업/정상,01,영업/정상,,20181209,제주특별자치도 제주시 연동 1553,제주특별자치도 제주시 표본로 181,[샘플]연동숙소0385,,9
386,농어촌민박업,03_11_00_P,6500000,SAMPLE-00386,20190609,1,영업/정상,01,영업/정상,,20190609,제주특별자치도 제주시 조천읍 1157,제주특별자치도 제주시 표본로 232,[샘플]조천읍숙소0386,,7
387,농어촌민박업,03_11_00_P,6500000,SAMPLE-00387,20160422,1,영업/정상,01,영업/정상,,20160422,제주특별자치도 제주시 삼양동 223,제주특별자치도 제주시 표본로 106,[샘플]삼양동숙소0387,,12
388,관광숙박업,03_11_00_P,6500000,SAMPLE-00388,20221103,3,폐업,01,폐업,20240826,20240826,제주특별자치도 서귀포시 중문동 309,제주특별자치도 서귀포시 표본로 190,[샘플]중문동숙소0388,,10
389,농어촌민박업,03_11_00_P,6500000,SAMPLE-00389,20231028,1,영업/정상,01,영업/정상,,20231028,제주특별자치도 서귀포시 대정읍 866,제주특별자치도 서귀포시 표본로 7,[샘플]대정읍숙소0389,,5
390,관광숙박업,03_11_00_P,6500000,SAMPLE-00390,20200105,1,영업/정상,01,영업/정상,,20200105,제주특별자치도 서귀포시 안덕면 1492,제주특별자치도 서귀포시 표본로 67,[샘플]안덕면숙소0390,,7
391,농어촌민박업,03_11_00_P,6500000,SAMPLE-00391,20220205,3,폐업,01,폐업,20240727,20240727,제주특별자치도 제주시 한림읍 1631,제주특별자치도 제주시 표본로 88,[샘플]한림읍숙소0391,,2
392,농어촌민박업,03_11_00_P,6500000,SAMPLE-00392,20231023,1,영업/정상,01,영업/정상,,20231023,제주특별자치도 서귀포시 대정읍 1981,제주특별자치도 서귀포시 표본로 199,[샘플]대정읍숙소0392,,8
393,농어촌민박업,03_11_00_P,6500000,SAMPLE-00393,20150530,1,영업/정상,01,영업/정상,,20150530,제주특별자치도 제주시 한림읍 331,제주특별자치도 제주시 표본로 207,[샘플]한림읍숙소0393,,3
394,숙박업,03_11_00_P,6500000,SAMPLE-00394,20260821,1,영업/정상,01,영업/정상,,20260821,제주특별자치도 서귀포시 성산읍 1612,제주특별자치도 서귀포시 표본로 169,[샘플]성산읍숙소0394,,11
395,숙박업,03_11_00_P,6500000,SAMPLE-00395,20251104,1,영업/정상,01,영업/정상,,20251104,제주특별자치도 서귀포시 안덕면 1803,제주특별자치도 서귀포시 표본로 115,[샘플]안덕면숙소0395,,10
396,숙박업,03_11_00_P,6500000,SAMPLE-00396,20240129,1,영업/정상,01,영업/정상,,20240129,제주특별자치도 제주시 구좌읍 1322,제주특별자치도 제주시 표본로 274,[샘플]구좌읍숙소0396,,10
397,농어촌민박업,03_11_00_P,6500000,SAMPLE-00397,20201207,3,폐업,01,폐업,20240227,20240227,제주특별자치도 제주시 한림읍 734,제주특별자치도 제주시 표본로 84,[샘플]한림읍숙소0397,,9
398,숙박업,03_11_00_P,6500000,SAMPLE-00398,20220218,3,영업/정상,01,휴업,,20220218,제주특별자치도 제주시 연동 1416,제주특별자치도 제주시 표본로 133,[샘플]연동숙소0398,,9
399,농어촌민박업,03_11_00_P,6500000,SAMPLE-00399,20160809,3,폐업,01,폐업,20191105,20191105,제주특별자치도 제주시 연동 380,제주특별자치도 제주시 표본로 221,[샘플]연동숙소0399,,12
400,농어촌민박업,03_11_00_P,6500000,SAMPLE-00400,20241005,1,영업/정상,01,영업/정상,,20241005,제주특별자치도 제주시 노형동 1431,제주특별자치도 제주시 표본로 37,[샘플]노형동숙소0400,,3
401,농어촌민박업,03_11_00_P,6500000,SAMPLE-00401,20231027,3,폐업,01,폐업,20240823,20240823,제주특별자치도 제주시 노형동 1811,제주특별자치도 제주시 표본로 80,[샘플]노형동숙소0401,,11
402,농어촌민박업,03_11_00_P,6500000,SAMPLE-00402,20140207,3,폐업,01,폐업,20240114,20240114,제주특별자치도 서귀포시 표선면 1638,제주특별자치도 서귀포시 표본로 190,[샘플]표선면숙소0402,,6
403,농어촌민박업,03_11_00_P,6500000,SAMPLE-00403,20200404,3,폐업,01,폐업,20210818,20210818,제주특별자치도 제주시 조천읍 519,제주특별자치도 제주시 표본로 129,[샘플]조천읍숙소0403,,8
404,농어촌민박업,03_11_00_P,6500000,SAMPLE-00404,20210720,1,영업/정상,01,영업/정상,,20210720,제주특별자치도 제주시 노형동 1613,제주특별자치도 제주시 표본로 20,[샘플]노형동숙소0404,,2
405,관광숙박업,03_11_00_P,6500000,SAMPLE-00405,20131013,1,영업/정상,01,영업/정상,,20131013,제주특별자치도 제주시 이도이동 147,제주특별자치도 제주시 표본로 83,[샘플]이도이동숙소0405,,1
406,숙박업,03_11_00_P,6500000,SAMPLE-00406,20180628,1,영업/정상,01,영업/정상,,20180628,제주특별자치도 제주시 삼양동 1620,제주특별자치도 제주시 표본로 143,[샘플]삼양동숙소0406,,4
407,관광숙박업,03_11_00_P,6500000,SAMPLE-00407,20250320,1,영업/정상,01,영업/정상,,20250320,제주특별자치도 제주시 애월읍 29,제주특별자치도 제주시 표본로 299,[샘플]애월읍숙소0407,,9
408,농어촌민박업,03_11_00_P,6500000,SAMPLE-00408,20240129,3,폐업,01,폐업,20250915,20250915,제주특별자치도 서귀포시 대륜동 28,제주특별자치도 서귀포시 표본로 255,[샘플]대륜동숙소0408,,2
409,관광숙박업,03_11_00_P,6500000,SAMPLE-00409,20161007,1,영업/정상,01,영업/정상,,20161007,제주특별자치도 제주시 조천읍 39,제주특별자치도 제주시 표본로 129,[샘플]조천읍숙소0409,,7
410,농어촌민박업,03_11_00_P,6500000,SAMPLE-00410,20140223,3,폐업,01,폐업,20211211,20211211,제주특별자치도 제주시 조천읍 205,제주특별자치도 제주시 표본로 103,[샘플]조천읍숙소0410,,8
411,숙박업,03_11_00_P,6500000,SAMPLE-00411,20201120,3,폐업,01,폐업,20221026,20221026,제주특별자치도 서귀포시 동홍동 1162,제주특별자치도 서귀포시 표본로 120,[샘플]동홍동숙소0411,,7
412,농어촌민박업,03_11_00_P,6500000,SAMPLE-00412,20230325,1,영업/정상,01,영업/정상,,20230325,제주특별자치도 제주시 애월읍 24,제주특별자치도 제주시 표본로 244,[샘플]애월읍숙소0412,,10
413,숙박업,03_11_00_P,6500000,SAMPLE-00413,20200706,1,영업/정상,01,영업/정상,,20200706,제주특별자치도 서귀포시 서홍동 1955,제주특별자치도 서귀포시 표본로 70,[샘플]서홍동숙소0413,,1
414,숙박업,03_11_00_P,6500000,SAMPLE-00414,20251025,1,영업/정상,01,영업/정상,,20251025,제주특별자치도 제주시 연동 1105,제주특별자치도 제주시 표본로 259,[샘플]연동숙소0414,,1
415,관광숙박업,03_11_00_P,6500000,SAMPLE-00415,20170305,3,폐업,01,폐업,20211017,20211017,제주특별자치도 서귀포시 남원읍 588,제주특별자치도 서귀포시 표본로 91,[샘플]남원읍숙소0415,,11
416,농어촌민박업,03_11_00_P,6500000,SAMPLE-00416,20260123,1,영업/정상,01,영업/정상,,20260123,제주특별자치도 서귀포시 남원읍 1161,제주특별자치도 서귀포시 표본로 95,[샘플]남원읍숙소0416,,9
417,농어촌민박업,03_11_00_P,6500000,SAMPLE-00417,20210109,1,영업/정상,01,영업/정상,,20210109,제주특별자치도 제주시 한경면 1351,제주특별자치도 제주시 표본로 30,[샘플]한경면숙소0417,,6
418,숙박업,03_11_00_P,6500000,SAMPLE-00418,20131029,1,영업/정상,01,영업/정상,,20131029,제주특별자치도 제주시 일도이동 462,제주특별자치도 제주시 표본로 242,[샘플]일도이동숙소0418,,9
419,숙박업,03_11_00_P,6500000,SAMPLE-00419,20221122,3,폐업,01,폐업,20240925,20240925,제주특별자치도 제주시 일도이동 504,제주특별자치도 제주시 표본로 182,[샘플]일도이동숙소0419,,11
420,농어촌민박업,03_11_00_P,6500000,SAMPLE-00420,20240227,1,영업/정상,01,영업/정상,,20240227,제주특별자치도 서귀포시 안덕면 1691,제주특별자치도 서귀포시 표본로 16,[샘플]안덕면숙소0420,,8
421,농어촌민박업,03_11_00_P,6500000,SAMPLE-00421,20170719,3,폐업,01,폐업,20260130,20260130,제주특별자치도 제주시 한경면 1428,제주특별자치도 제주시 표본로 128,[샘플]한경면숙소0421,,2
422,관광숙박업,03_11_00_P,6500000,SAMPLE-00422,20240605,1,영업/정상,01,영업/정상,,20240605,제주특별자치도 제주시 애월읍 702,제주특별자치도 제주시 표본로 10,[샘플]애월읍숙소0422,,6
423,숙박업,03_11_00_P,6500000,SAMPLE-00423,20210720,3,폐업,01,폐업,20251120,20251120,제주특별자치도 제주시 한림읍 411,제주특별자치도 제주시 표본로 231,[샘플]한림읍숙소0423,,2
424,숙박업,03_11_00_P,6500000,SAMPLE-00424,20121116,1,영업/정상,01,영업/정상,,20121116,제주특별자치도 제주시 이도이동 646,제주특별자치도 제주시 표본로 107,[샘플]이도이동숙소0424,,5
425,농어촌민박업,03_11_00_P,6500000,SAMPLE-00425,20230916,1,영업/정상,01,영업/정상,,20230916,제주특별자치도 제주시 한림읍 474,제주특별자치도 제주시 표본로 158,[샘플]한림읍숙소0425,,9
426,농어촌민박업,03_11_00_P,6500000,SAMPLE-00426,20180509,1,영업/정상,01,영업/정상,,20180509,제주특별자치도 서귀포시 서홍동 1221,제주특별자치도 서귀포시 표본로 142,[샘플]서홍동숙소0426,,2
427,농어촌민박업,03_11_00_P,6500000,SAMPLE-00427,20160123,3,폐업,01,폐업,20250823,20250823,제주특별자치도 제주시 노형동 1413,제주특별자치도 제주시 표본로 127,[샘플]노형동숙소0427,,1
428,숙박업,03_11_00_P,6500000,SAMPLE-00428,20250521,1,영업/정상,01,영업/정상,,20250521,제주특별자치도 제주시 연동 1674,제주특별자치도 제주시 표본로 212,[샘플]연동숙소0428,,11
429,숙박업,03_11_00_P,6500000,SAMPLE-00429,20221125,1,영업/정상,01,영업/정상,,20221125,제주특별자치도 서귀포시 중문동 796,제주특별자치도 서귀포시 표본로 19,[샘플]중문동숙소0429,,6
430,숙박업,03_11_00_P,6500000,SAMPLE-00430,20240706,1,영업/정상,01,영업/정상,,20240706,제주특별자치도 서귀포시 안덕면 1782,제주특별자치도 서귀포시 표본로 257,[샘플]안덕면숙소0430,,9
431,농어촌민박업,03_11_00_P,6500000,SAMPLE-00431,20230104,1,영업/정상,01,영업/정상,,20230104,제주특별자치도 서귀포시 안덕면 1822,제주특별자치도 서귀포시 표본로 253,[샘플]안덕면숙소0431,,5
432,농어촌민박업,03_11_00_P,6500000,SAMPLE-00432,20240607,1,영업/정상,01,영업/정상,,20240607,제주특별자치도 제주시 일도이동 1944,제주특별자치도 제주시 표본로 91,[샘플]일도이동숙소0432,,2
433,농어촌민박업,03_11_00_P,6500000,SAMPLE-00433,20250605,1,영업/정상,01,영업/정상,,20250605,제주특별자치도 서귀포시 대정읍 438,제주특별자치도 서귀포시 표본로 7,[샘플]대정읍숙소0433,,10
434,농어촌민박업,03_11_00_P,6500000,SAMPLE-00434,20250402,3,폐업,01,폐업,20260209,20260209,제주특별자치도 제주시 구좌읍 1102,제주특별자치도 제주시 표본로 156,[샘플]구좌읍숙소0434,,12
435,농어촌민박업,03_11_00_P,6500000,SAMPLE-00435,20150723,1,영업/정상,01,영업/정상,,20150723,제주특별자치도 제주시 한경면 294,제주특별자치도 제주시 표본로 242,[샘플]한경면숙소0435,,10
436,농어촌민박업,03_11_00_P,6500000,SAMPLE-00436,20220911,1,영업/정상,01,영업/정상,,20220911,제주특별자치도 제주시 일도이동 486,제주특별자치도 제주시 표본로 236,[샘플]일도이동숙소0436,,9
437,농어촌민박업,03_11_00_P,6500000,SAMPLE-00437,20190504,1,영업/정상,01,영업/정상,,20190504,제주특별자치도 서귀포시 동홍동 1169,제주특별자치도 서귀포시 표본로 278,[샘플]동홍동숙소0437,,3
438,농어촌민박업,03_11_00_P,6500000,SAMPLE-00438,20240303,1,영업/정상,01,영업/정상,,20240303,제주특별자치도 서귀포시 대륜동 696,제주특별자치도 서귀포시 표본로 44,[샘플]대륜동숙소0438,,3
439,관광숙박업,03_11_00_P,6500000,SAMPLE-00439,20260405,1,영업/정상,01,영업/정상,,20260405,제주특별자치도 서귀포시 서홍동 1781,제주특별자치도 서귀포시 표본로 242,[샘플]서홍동숙소0439,,12
440,숙박업,03_11_00_P,6500000,SAMPLE-00440,20180726,1,영업/정상,01,영업/정상,,20180726,제주특별자치도 제주시 연동 1628,제주특별자치도 제주시 표본로 198,[샘플]연동숙소0440,,4
441,숙박업,03_11_00_P,6500000,SAMPLE-00441,20150102,3,폐업,01,폐업,20151201,20151201,제주특별자치도 서귀포시 성산읍 54,제주특별자치도 서귀포시 표본로 139,[샘플]성산읍숙소0441,,3
442,숙박업,03_11_00_P,6500000,SAMPLE-00442,20190108,3,폐업,01,폐업,20220409,20220409,제주특별자치도 제주시 삼양동 209,제주특별자치도 제주시 표본로 177,[샘플]삼양동숙소0442,,2
443,농어촌민박업,03_11_00_P,6500000,SAMPLE-00443,20231217,1,영업/정상,01,영업/정상,,20231217,제주특별자치도 제주시 이도이동 880,제주특별자치도 제주시 표본로 141,[샘플]이도이동숙소0443,,11
444,농어촌민박업,03_11_00_P,6500000,SAMPLE-00444,20170809,3,폐업,01,폐업,20240817,20240817,제주특별자치도 서귀포시 남원읍 1025,제주특별자치도 서귀포시 표본로 16,[샘플]남원읍숙소0444,,9
445,관광숙박업,03_11_00_P,6500000,SAMPLE-00445,20230419,1,영업/정상,01,영업/정상,,20230419,제주특별자치도 서귀포시 중문동 1903,제주특별자치도 서귀포시 표본로 127,[샘플]중문동숙소0445,,11
446,숙박업,03_11_00_P,6500000,SAMPLE-00446,20210521,3,폐업,01,폐업,20230820,20230820,제주특별자치도 서귀포시 동홍동 1764,제주특별자치도 서귀포시 표본로 89,[샘플]동홍동숙소0446,,8
447,농어촌민박업,03_11_00_P,6500000,SAMPLE-00447,20220603,1,영업/정상,01,영업/정상,,20220603,제주특별자치도 제주시 삼양동 976,제주특별자치도 제주시 표본로 215,[샘플]삼양동숙소0447,,4
448,농어촌민박업,03_11_00_P,6500000,SAMPLE-00448,20230321,1,영업/정상,01,영업/정상,,20230321,제주특별자치도 제주시 애월읍 1302,제주특별자치도 제주시 표본로 3,[샘플]애월읍숙소0448,,4
449,관광숙박업,03_11_00_P,6500000,SAMPLE-00449,20140131,3,폐업,01,폐업,20160507,20160507,제주특별자치도 서귀포시 대륜동 1798,제주특별자치도 서귀포시 표본로 232,[샘플]대륜동숙소0449,,1
450,농어촌민박업,03_11_00_P,6500000,SAMPLE-00450,20180902,1,영업/정상,01,영업/정상,,20180902,제주특별자치도 서귀포시 중문동 1940,제주특별자치도 서귀포시 표본로 260,[샘플]중문동숙소0450,,2
451,농어촌민박업,03_11_00_P,6500000,SAMPLE-00451,20250917,3,영업/정상,01,휴업,,20250917,제주특별자치도 서귀포시 대륜동 1793,제주특별자치도 서귀포시 표본로 257,[샘플]대륜동숙소0451,,11
452,숙박업,03_11_00_P,6500000,SAMPLE-00452,20251222,1,영업/정상,01,영업/정상,,20251222,제주특별자치도 제주시 삼양동 1522,제주특별자치도 제주시 표본로 18,[샘플]삼양동숙소0452,,5
453,숙박업,03_11_00_P,6500000,SAMPLE-00453,20150614,3,폐업,01,폐업,20180403,20180403,제주특별자치도 서귀포시 대정읍 1734,제주특별자치도 서귀포시 표본로 47,[샘플]대정읍숙소0453,,6
454,농어촌민박업,03_11_00_P,6500000,SAMPLE-00454,20150624,1,영업/정상,01,영업/정상,,20150624,제주특별자치도 서귀포시 동홍동 1900,제주특별자치도 서귀포시 표본로 296,[샘플]동홍동숙소0454,,8
455,숙박업,03_11_00_P,6500000,SAMPLE-00455,20230326,3,영업/정상,01,휴업,,20230326,제주특별자치도 제주시 이도이동 615,제주특별자치도 제주시 표본로 261,[샘플]이도이동숙소0455,,1
456,관광숙박업,03_11_00_P,6500000,SAMPLE-00456,20170716,3,폐업,01,폐업,20200625,20200625,제주특별자치도 서귀포시 대륜동 1660,제주특별자치도 서귀포시 표본로 115,[샘플]대륜동숙소0456,,9
457,숙박업,03_11_00_P,6500000,SAMPLE-00457,20251030,1,영업/정상,01,영업/정상,,20251030,제주특별자치도 서귀포시 대륜동 732,제주특별자치도 서귀포시 표본로 155,[샘플]대륜동숙소0457,,2
458,농어촌민박업,03_11_00_P,6500000,SAMPLE-00458,20160508,1,영업/정상,01,영업/정상,,20160508,제주특별자치도 제주시 한림읍 165,제주특별자치도 제주시 표본로 227,[샘플]한림읍숙소0458,,11
459,농어촌민박업,03_11_00_P,6500000,SAMPLE-00459,20161016,3,폐업,01,폐업,20240702,20240702,제주특별자치도 서귀포시 중문동 735,제주특별자치도 서귀포시 표본로 95,[샘플]중문동숙소0459,,3
460,농어촌민박업,03_11_00_P,6500000,SAMPLE-00460,20190404,1,영업/정상,01,영업/정상,,20190404,제주특별자치도 서귀포시 중문동 374,제주특별자치도 서귀포시 표본로 59,[샘플]중문동숙소0460,,3
461,농어촌민박업,03_11_00_P,6500000,SAMPLE-00461,20241119,1,영업/정상,01,영업/정상,,20241119,제주특별자치도 제주시 한림읍 644,제주특별자치도 제주시 표본로 263,[샘플]한림읍숙소0461,,1
462,관광숙박업,03_11_00_P,6500000,SAMPLE-00462,20180919,1,영업/정상,01,영업/정상,,20180919,제주특별자치도 제주시 일도이동 78,제주특별자치도 제주시 표본로 260,[샘플]일도이동숙소0462,,7
463,농어촌민박업,03_11_00_P,6500000,SAMPLE-00463,20200706,3,폐업,01,폐업,20210326,20210326,제주특별자치도 서귀포시 대륜동 1726,제주특별자치도 서귀포시 표본로 80,[샘플]대륜동숙소0463,,4
464,농어촌민박업,03_11_00_P,6500000,SAMPLE-00464,20170326,1,영업/정상,01,영업/정상,,20170326,제주특별자치도 제주시 한림읍 860,제주특별자치도 제주시 표본로 159,[샘플]한림읍숙소0464,,12
465,숙박업,03_11_00_P,6500000,SAMPLE-00465,20200720,3,폐업,01,폐업,20250604,20250604,제주특별자치도 제주시 애월읍 1930,제주특별자치도 제주시 표본로 182,[샘플]애월읍숙소0465,,1
466,농어촌민박업,03_11_00_P,6500000,SAMPLE-00466,20171210,1,영업/정상,01,영업/정상,,20171210,제주특별자치도 서귀포시 중문동 582,제주특별자치도 서귀포시 표본로 249,[샘플]중문동숙소0466,,11
467,농어촌민박업,03_11_00_P,6500000,SAMPLE-00467,20190326,3,폐업,01,폐업,20250419,20250419,제주특별자치도 제주시 삼양동 249,제주특별자치도 제주시 표본로 118,[샘플]삼양동숙소0467,,9
468,관광숙박업,03_11_00_P,6500000,SAMPLE-00468,20181105,3,폐업,01,폐업,20201102,20201102,제주특별자치도 제주시 이도이동 799,제주특별자치도 제주시 표본로 87,[샘플]이도이동숙소0468,,9
469,숙박업,03_11_00_P,6500000,SAMPLE-00469,20251215,1,영업/정상,01,영업/정상,,20251215,제주특별자치도 서귀포시 남원읍 144,제주특별자치도 서귀포시 표본로 18,[샘플]남원읍숙소0469,,10
470,숙박업,03_11_00_P,6500000,SAMPLE-00470,20251114,3,폐업,01,폐업,20260602,20260602,제주특별자치도 서귀포시 성산읍 924,제주특별자치도 서귀포시 표본로 3,[샘플]성산읍숙소0470,,5
471,농어촌민박업,03_11_00_P,6500000,SAMPLE-00471,20170315,1,영업/정상,01,영업/정상,,20170315,제주특별자치도 서귀포시 성산읍 93,제주특별자치도 서귀포시 표본로 73,[샘플]성산읍숙소0471,,11
472,농어촌민박업,03_11_00_P,6500000,SAMPLE-00472,20250825,1,영업/정상,01,영업/정상,,20250825,제주특별자치도 제주시 연동 292,제주특별자치도 제주시 표본로 157,[샘플]연동숙소0472,,8
473,관광숙박업,03_11_00_P,6500000,SAMPLE-00473,20180811,1,영업/정상,01,영업/정상,,20180811,제주특별자치도 서귀포시 남원읍 1889,제주특별자치도 서귀포시 표본로 204,[샘플]남원읍숙소0473,,5
474,농어촌민박업,03_11_00_P,6500000,SAMPLE-00474,20210518,3,폐업,01,폐업,20230627,20230627,제주특별자치도 서귀포시 표선면 1561,제주특별자치도 서귀포시 표본로 91,[샘플]표선면숙소0474,,9
475,농어촌민박업,03_11_00_P,6500000,SAMPLE-00475,20250212,1,영업/정상,01,영업/정상,,20250212,제주특별자치도 제주시 구좌읍 488,제주특별자치도 제주시 표본로 207,[샘플]구좌읍숙소0475,,2
476,농어촌민박업,03_11_00_P,6500000,SAMPLE-00476,20210420,1,영업/정상,01,영업/정상,,20210420,제주특별자치도 제주시 한림읍 371,제주특별자치도 제주시 표본로 244,[샘플]한림읍숙소0476,,5
477,농어촌민박업,03_11_00_P,6500000,SAMPLE-00477,20210416,1,영업/정상,01,영업/정상,,20210416,제주특별자치도 제주시 조천읍 937,제주특별자치도 제주시 표본로 68,[샘플]조천읍숙소0477,,6
478,농어촌민박업,03_11_00_P,6500000,SAMPLE-00478,20190711,1,영업/정상,01,영업/정상,,20190711,제주특별자치도 제주시 노형동 1076,제주특별자치도 제주시 표본로 41,[샘플]노형동숙소0478,,9
479,관광숙박업,03_11_00_P,6500000,SAMPLE-00479,20220726,3,영업/정상,01,휴업,,20220726,제주특별자치도 제주시 일도이동 423,제주특별자치도 제주시 표본로 113,[샘플]일도이동숙소0479,,7
480,농어촌민박업,03_11_00_P,6500000,SAMPLE-00480,20131113,1,영업/정상,01,영업/정상,,20131113,제주특별자치도 서귀포시 성산읍 1671,제주특별자치도 서귀포시 표본로 246,[샘플]성산읍숙소0480,,7
481,농어촌민박업,03_11_00_P,6500000,SAMPLE-00481,20140421,3,폐업,01,폐업,20211025,20211025,제주특별자치도 서귀포시 안덕면 176,제주특별자치도 서귀포시 표본로 6,[샘플]안덕면숙소0481,,12
482,농어촌민박업,03_11_00_P,6500000,SAMPLE-00482,20260421,1,영업/정상,01,영업/정상,,20260421,제주특별자치도 제주시 이도이동 1958,제주특별자치도 제주시 표본로 232,[샘플]이도이동숙소0482,,3
483,농어촌민박업,03_11_00_P,6500000,SAMPLE-00483,20240719,1,영업/정상,01,영업/정상,,20240719,제주특별자치도 제주시 애월읍 452,제주특별자치도 제주시 표본로 5,[샘플]애월읍숙소0483,,11
484,숙박업,03_11_00_P,6500000,SAMPLE-00484,20190422,3,폐업,01,폐업,20251105,20251105,제주특별자치도 서귀포시 남원읍 748,제주특별자치도 서귀포시 표본로 38,[샘플]남원읍숙소0484,,3
485,숙박업,03_11_00_P,6500000,SAMPLE-00485,20201120,3,폐업,01,폐업,20240429,20240429,제주특별자치도 서귀포시 표선면 961,제주특별자치도 서귀포시 표본로 51,[샘플]표선면숙소0485,,11
486,숙박업,03_11_00_P,6500000,SAMPLE-00486,20170710,1,영업/정상,01,영업/정상,,20170710,제주특별자치도 제주시 조천읍 1785,제주특별자치도 제주시 표본로 123,[샘플]조천읍숙소0486,,12
487,숙박업,03_11_00_P,6500000,SAMPLE-00487,20260419,1,영업/정상,01,영업/정상,,20260419,제주특별자치도 서귀포시 성산읍 715,제주특별자치도 서귀포시 표본로 218,[샘플]성산읍숙소0487,,1
488,숙박업,03_11_00_P,6500000,SAMPLE-00488,20220216,1,영업/정상,01,영업/정상,,20220216,제주특별자치도 제주시 한경면 1499,제주특별자치도 제주시 표본로 41,[샘플]한경면숙소0488,,9
489,숙박업,03_11_00_P,6500000,SAMPLE-00489,20201221,1,영업/정상,01,영업/정상,,20201221,제주특별자치도 제주시 한경면 1499,제주특별자치도 제주시 표본로 229,[샘플]한경면숙소0489,,9
490,농어촌민박업,03_11_00_P,6500000,SAMPLE-00490,20250921,1,영업/정상,01,영업/정상,,20250921,제주특별자치도 서귀포시 표선면 95,제주특별자치도 서귀포시 표본로 160,[샘플]표선면숙소0490,,3
491,농어촌민박업,03_11_00_P,6500000,SAMPLE-00491,20230907,1,영업/정상,01,영업/정상,,20230907,제주특별자치도 제주시 노형동 860,제주특별자치도 제주시 표본로 149,[샘플]노형동숙소0491,,4
492,숙박업,03_11_00_P,6500000,SAMPLE-00492,20241125,1,영업/정상,01,영업/정상,,20241125,제주특별자치도 제주시 노형동 1221,제주특별자치도 제주시 표본로 119,[샘플]노형동숙소0492,,8
493,숙박업,03_11_00_P,6500000,SAMPLE-00493,20200623,3,폐업,01,폐업,20260316,20260316,제주특별자치도 제주시 한림읍 422,제주특별자치도 제주시 표본로 162,[샘플]한림읍숙소0493,,8
494,농어촌민박업,03_11_00_P,6500000,SAMPLE-00494,20190912,1,영업/정상,01,영업/정상,,20190912,제주특별자치도 제주시 조천읍 1115,제주특별자치도 제주시 표본로 260,[샘플]조천읍숙소0494,,12
495,숙박업,03_11_00_P,6500000,SAMPLE-00495,20201013,1,영업/정상,01,영업/정상,,20201013,제주특별자치도 제주시 연동 677,제주특별자치도 제주시 표본로 36,[샘플]연동숙소0495,,4
496,농어촌민박업,03_11_00_P,6500000,SAMPLE-00496,20220127,1,영업/정상,01,영업/정상,,20220127,제주특별자치도 서귀포시 대정읍 1737,제주특별자치도 서귀포시 표본로 204,[샘플]대정읍숙소0496,,4
497,농어촌민박업,03_11_00_P,6500000,SAMPLE-00497,20220605,1,영업/정상,01,영업/정상,,20220605,제주특별자치도 제주시 조천읍 1450,제주특별자치도 제주시 표본로 91,[샘플]조천읍숙소0497,,9
498,숙박업,03_11_00_P,6500000,SAMPLE-00498,20220515,1,영업/정상,01,영업/정상,,20220515,제주특별자치도 제주시 구좌읍 1189,제주특별자치도 제주시 표본로 114,[샘플]구좌읍숙소0498,,8
499,농어촌민박업,03_11_00_P,6500000,SAMPLE-00499,20160122,3,폐업,01,폐업,20160802,20160802,제주특별자치도 제주시 연동 499,제주특별자치도 제주시 표본로 233,[샘플]연동숙소0499,,4
500,숙박업,03_11_00_P,6500000,SAMPLE-00500,20140220,1,영업/정상,01,영업/정상,,20140220,제주특별자치도 제주시 노형동 1775,제주특별자치도 제주시 표본로 294,[샘플]노형동숙소0500,,1
501,농어촌민박업,03_11_00_P,6500000,SAMPLE-00501,20170622,3,폐업,01,폐업,20190414,20190414,제주특별자치도 서귀포시 동홍동 527,제주특별자치도 서귀포시 표본로 263,[샘플]동홍동숙소0501,,3
502,농어촌민박업,03_11_00_P,6500000,SAMPLE-00502,20140804,3,폐업,01,폐업,20240229,20240229,제주특별자치도 서귀포시 안덕면 306,제주특별자치도 서귀포시 표본로 53,[샘플]안덕면숙소0502,,12
503,농어촌민박업,03_11_00_P,6500000,SAMPLE-00503,20220920,3,폐업,01,폐업,20260410,20260410,제주특별자치도 제주시 구좌읍 625,제주특별자치도 제주시 표본로 284,[샘플]구좌읍숙소0503,,12
504,관광숙박업,03_11_00_P,6500000,SAMPLE-00504,20210127,3,폐업,01,폐업,20251020,20251020,제주특별자치도 제주시 구좌읍 122,제주특별자치도 제주시 표본로 164,[샘플]구좌읍숙소0504,,3
505,농어촌민박업,03_11_00_P,6500000,SAMPLE-00505,20230723,1,영업/정상,01,영업/정상,,20230723,제주특별자치도 서귀포시 대정읍 652,제주특별자치도 서귀포시 표본로 43,[샘플]대정읍숙소0505,,5
506,농어촌민박업,03_11_00_P,6500000,SAMPLE-00506,20151225,3,폐업,01,폐업,20240420,20240420,제주특별자치도 제주시 연동 1437,제주특별자치도 제주시 표본로 155,[샘플]연동숙소0506,,2
507,관광숙박업,03_11_00_P,6500000,SAMPLE-00507,20230728,1,영업/정상,01,영업/정상,,20230728,제주특별자치도 제주시 노형동 1608,제주특별자치도 제주시 표본로 177,[샘플]노형동숙소0507,,5
508,농어촌민박업,03_11_00_P,6500000,SAMPLE-00508,20210111,1,영업/정상,01,영업/정상,,20210111,제주특별자치도 제주시 조천읍 810,제주특별자치도 제주시 표본로 82,[샘플]조천읍숙소0508,,8
509,숙박업,03_11_00_P,6500000,SAMPLE-00509,20140616,1,영업/정상,01,영업/정상,,20140616,제주특별자치도 제주시 연동 908,제주특별자치도 제주시 표본로 134,[샘플]연동숙소0509,,2
510,농어촌민박업,03_11_00_P,6500000,SAMPLE-00510,20230513,3,폐업,01,폐업,20251208,20251208,제주특별자치도 제주시 일도이동 363,제주특별자치도 제주시 표본로 65,[샘플]일도이동숙소0510,,2
511,농어촌민박업,03_11_00_P,6500000,SAMPLE-00511,20180529,3,폐업,01,폐업,20231206,20231206,제주특별자치도 제주시 삼양동 1949,제주특별자치도 제주시 표본로 67,[샘플]삼양동숙소0511,,2
512,농어촌민박업,03_11_00_P,6500000,SAMPLE-00512,20250513,1,영업/정상,01,영업/정상,,20250513,제주특별자치도 서귀포시 대륜동 59,제주특별자치도 서귀포시 표본로 276,[샘플]대륜동숙소0512,,12
513,농어촌민박업,03_11_00_P,6500000,SAMPLE-00513,20220323,3,폐업,01,폐업,20260813,20260813,제주특별자치도 서귀포시 성산읍 345,제주특별자치도 서귀포시 표본로 178,[샘플]성산읍숙소0513,,1
514,숙박업,03_11_00_P,6500000,SAMPLE-00514,20181202,1,영업/정상,01,영업/정상,,20181202,제주특별자치도 제주시 구좌읍 1907,제주특별자치도 제주시 표본로 178,[샘플]구좌읍숙소0514,,8
515,관광숙박업,03_11_00_P,6500000,SAMPLE-00515,20250419,3,폐업,01,폐업,20260805,20260805,제주특별자치도 서귀포시 동홍동 667,제주특별자치도 서귀포시 표본로 229,[샘플]동홍동숙소0515,,12
516,숙박업,03_11_00_P,6500000,SAMPLE-00516,20251001,1,영업/정상,01,영업/정상,,20251001,제주특별자치도 제주시 구좌읍 239,제주특별자치도 제주시 표본로 43,[샘플]구좌읍숙소0516,,6
517,농어촌민박업,03_11_00_P,6500000,SAMPLE-00517,20220730,3,폐업,01,폐업,20250507,20250507,제주특별자치도 서귀포시 대정읍 340,제주특별자치도 서귀포시 표본로 216,[샘플]대정읍숙소0517,,10
518,관광숙박업,03_11_00_P,6500000,SAMPLE-00518,20240104,1,영업/정상,01,영업/정상,,20240104,제주특별자치도 제주시 애월읍 307,제주특별자치도 제주시 표본로 5,[샘플]애월읍숙소0518,,11
519,숙박업,03_11_00_P,6500000,SAMPLE-00519,20180417,3,폐업,01,폐업,20200225,20200225,제주특별자치도 서귀포시 안덕면 1760,제주특별자치도 서귀포시 표본로 21,[샘플]안덕면숙소0519,,4
520,농어촌민박업,03_11_00_P,6500000,SAMPLE-00520,20200412,1,영업/정상,01,영업/정상,,20200412,제주특별자치도 제주시 한림읍 509,제주특별자치도 제주시 표본로 205,[샘플]한림읍숙소0520,,3
521,농어촌민박업,03_11_00_P,6500000,SAMPLE-00521,20241203,1,영업/정상,01,영업/정상,,20241203,제주특별자치도 제주시 한림읍 1589,제주특별자치도 제주시 표본로 21,[샘플]한림읍숙소0521,,5
522,관광숙박업,03_11_00_P,6500000,SAMPLE-00522,20240522,1,영업/정상,01,영업/정상,,20240522,제주특별자치도 서귀포시 동홍동 1846,제주특별자치도 서귀포시 표본로 258,[샘플]동홍동숙소0522,,7
523,관광숙박업,03_11_00_P,6500000,SAMPLE-00523,20180106,3,폐업,01,폐업,20201108,20201108,제주특별자치도 제주시 한림읍 1311,제주특별자치도 제주시 표본로 264,[샘플]한림읍숙소0523,,9
524,관광숙박업,03_11_00_P,6500000,SAMPLE-00524,20240729,1,영업/정상,01,영업/정상,,20240729,제주특별자치도 서귀포시 안덕면 785,제주특별자치도 서귀포시 표본로 30,[샘플]안덕면숙소0524,,10
525,농어촌민박업,03_11_00_P,6500000,SAMPLE-00525,20170722,1,영업/정상,01,영업/정상,,20170722,제주특별자치도 제주시 구좌읍 926,제주특별자치도 제주시 표본로 132,[샘플]구좌읍숙소0525,,9
526,숙박업,03_11_00_P,6500000,SAMPLE-00526,20131218,3,폐업,01,폐업,20230102,20230102,제주특별자치도 제주시 이도이동 645,제주특별자치도 제주시 표본로 148,[샘플]이도이동숙소0526,,4
527,농어촌민박업,03_11_00_P,6500000,SAMPLE-00527,20190127,3,폐업,01,폐업,20230705,20230705,제주특별자치도 제주시 애월읍 813,제주특별자치도 제주시 표본로 177,[샘플]애월읍숙소0527,,8
528,농어촌민박업,03_11_00_P,6500000,SAMPLE-00528,20190625,1,영업/정상,01,영업/정상,,20190625,제주특별자치도 제주시 애월읍 1936,제주특별자치도 제주시 표본로 203,[샘플]애월읍숙소0528,,8
529,농어촌민박업,03_11_00_P,6500000,SAMPLE-00529,20140131,1,영업/정상,01,영업/정상,,20140131,제주특별자치도 제주시 삼양동 1615,제주특별자치도 제주시 표본로 155,[샘플]삼양동숙소0529,,12
530,농어촌민박업,03_11_00_P,6500000,SAMPLE-00530,20171227,3,폐업,01,폐업,20240713,20240713,제주특별자치도 서귀포시 안덕면 54,제주특별자치도 서귀포시 표본로 165,[샘플]안덕면숙소0530,,5
531,숙박업,03_11_00_P,6500000,SAMPLE-00531,20190719,1,영업/정상,01,영업/정상,,20190719,제주특별자치도 제주시 구좌읍 1592,제주특별자치도 제주시 표본로 113,[샘플]구좌읍숙소0531,,6
532,농어촌민박업,03_11_00_P,6500000,SAMPLE-00532,20140517,1,영업/정상,01,영업/정상,,20140517,제주특별자치도 제주시 노형동 1370,제주특별자치도 제주시 표본로 261,[샘플]노형동숙소0532,,8
533,농어촌민박업,03_11_00_P,6500000,SAMPLE-00533,20251024,1,영업/정상,01,영업/정상,,20251024,제주특별자치도 서귀포시 중문동 683,제주특별자치도 서귀포시 표본로 124,[샘플]중문동숙소0533,,4
534,숙박업,03_11_00_P,6500000,SAMPLE-00534,20170309,1,영업/정상,01,영업/정상,,20170309,제주특별자치도 서귀포시 중문동 242,제주특별자치도 서귀포시 표본로 228,[샘플]중문동숙소0534,,1
535,농어촌민박업,03_11_00_P,6500000,SAMPLE-00535,20110927,3,폐업,01,폐업,20210815,20210815,제주특별자치도 제주시 삼양동 74,제주특별자치도 제주시 표본로 25,[샘플]삼양동숙소0535,,8
536,농어촌민박업,03_11_00_P,6500000,SAMPLE-00536,20260126,1,영업/정상,01,영업/정상,,20260126,제주특별자치도 제주시 조천읍 1077,제주특별자치도 제주시 표본로 55,[샘플]조천읍숙소0536,,5
537,농어촌민박업,03_11_00_P,6500000,SAMPLE-00537,20250611,1,영업/정상,01,영업/정상,,20250611,제주특별자치도 제주시 애월읍 512,제주특별자치도 제주시 표본로 76,[샘플]애월읍숙소0537,,7
538,농어촌민박업,03_11_00_P,6500000,SAMPLE-00538,20221106,1,영업/정상,01,영업/정상,,20221106,제주특별자치도 제주시 애월읍 417,제주특별자치도 제주시 표본로 95,[샘플]애월읍숙소0538,,12
539,농어촌민박업,03_11_00_P,6500000,SAMPLE-00539,20191102,3,폐업,01,폐업,20260903,20260903,제주특별자치도 제주시 애월읍 1568,제주특별자치도 제주시 표본로 215,[샘플]애월읍숙소0539,,2
540,농어촌민박업,03_11_00_P,6500000,SAMPLE-00540,20181012,3,폐업,01,폐업,20191104,20191104,제주특별자치도 제주시 한경면 1400,제주특별자치도 제주시 표본로 88,[샘플]한경면숙소0540,,10
541,관광숙박업,03_11_00_P,6500000,SAMPLE-00541,20250313,1,영업/정상,01,영업/정상,,20250313,제주특별자치도 서귀포시 서홍동 163,제주특별자치도 서귀포시 표본로 82,[샘플]서홍동숙소0541,,5
542,관광숙박업,03_11_00_P,6500000,SAMPLE-00542,20210310,3,폐업,01,폐업,20240407,20240407,제주특별자치도 서귀포시 안덕면 540,제주특별자치도 서귀포시 표본로 61,[샘플]안덕면숙소0542,,4
543,숙박업,03_11_00_P,6500000,SAMPLE-00543,20200308,1,영업/정상,01,영업/정상,,20200308,제주특별자치도 제주시 일도이동 72,제주특별자치도 제주시 표본로 1,[샘플]일도이동숙소0543,,7
544,관광숙박업,03_11_00_P,6500000,SAMPLE-00544,20221017,1,영업/정상,01,영업/정상,,20221017,제주특별자치도 서귀포시 대륜동 152,제주특별자치도 서귀포시 표본로 58,[샘플]대륜동숙소0544,,10
545,농어촌민박업,03_11_00_P,6500000,SAMPLE-00545,20160114,3,폐업,01,폐업,20210618,20210618,제주특별자치도 서귀포시 동홍동 834,제주특별자치도 서귀포시 표본로 221,[샘플]동홍동숙소0545,,2
546,숙박업,03_11_00_P,6500000,SAMPLE-00546,20151202,1,영업/정상,01,영업/정상,,20151202,제주특별자치도 제주시 노형동 628,제주특별자치도 제주시 표본로 185,[샘플]노형동숙소0546,,6
547,농어촌민박업,03_11_00_P,6500000,SAMPLE-00547,20190120,1,영업/정상,01,영업/정상,,20190120,제주특별자치도 제주시 애월읍 1694,제주특별자치도 제주시 표본로 148,[샘플]애월읍숙소0547,,8
548,농어촌민박업,03_11_00_P,6500000,SAMPLE-00548,20141023,1,영업/정상,01,영업/정상,,20141023,제주특별자치도 제주시 이도이동 677,제주특별자치도 제주시 표본로 57,[샘플]이도이동숙소0548,,9
549,농어촌민박업,03_11_00_P,6500000,SAMPLE-00549,20210802,3,폐업,01,폐업,20251009,20251009,제주특별자치도 제주시 연동 1987,제주특별자치도 제주시 표본로 171,[샘플]연동숙소0549,,4
550,농어촌민박업,03_11_00_P,6500000,SAMPLE-00550,20240726,3,폐업,01,폐업,20251022,20251022,제주특별자치도 제주시 이도이동 1489,제주특별자치도 제주시 표본로 224,[샘플]이도이동숙소0550,,5
551,농어촌민박업,03_11_00_P,6500000,SAMPLE-00551,20150805,3,폐업,01,폐업,20210305,20210305,제주특별자치도 제주시 한경면 1964,제주특별자치도 제주시 표본로 159,[샘플]한경면숙소0551,,3
552,관광숙박업,03_11_00_P,6500000,SAMPLE-00552,20231011,3,폐업,01,폐업,20251111,20251111,제주특별자치도 제주시 연동 919,제주특별자치도 제주시 표본로 48,[샘플]연동숙소0552,,3
553,농어촌민박업,03_11_00_P,6500000,SAMPLE-00553,20230805,1,영업/정상,01,영업/정상,,20230805,제주특별자치도 서귀포시 대정읍 417,제주특별자치도 서귀포시 표본로 9,[샘플]대정읍숙소0553,,8
554,농어촌민박업,03_11_00_P,6500000,SAMPLE-00554,20220803,3,폐업,01,폐업,20230714,20230714,제주특별자치도 제주시 한경면 428,제주특별자치도 제주시 표본로 91,[샘플]한경면숙소0554,,2
555,숙박업,03_11_00_P,6500000,SAMPLE-00555,20220601,1,영업/정상,01,영업/정상,,20220601,제주특별자치도 제주시 구좌읍 876,제주특별자치도 제주시 표본로 241,[샘플]구좌읍숙소0555,,9
556,숙박업,03_11_00_P,6500000,SAMPLE-00556,20210321,1,영업/정상,01,영업/정상,,20210321,제주특별자치도 제주시 이도이동 881,제주특별자치도 제주시 표본로 67,[샘플]이도이동숙소0556,,5
557,농어촌민박업,03_11_00_P,6500000,SAMPLE-00557,20250712,1,영업/정상,01,영업/정상,,20250712,제주특별자치도 제주시 한경면 964,제주특별자치도 제주시 표본로 113,[샘플]한경면숙소0557,,2
558,농어촌민박업,03_11_00_P,6500000,SAMPLE-00558,20170601,3,폐업,01,폐업,20210228,20210228,제주특별자치도 제주시 노형동 417,제주특별자치도 제주시 표본로 132,[샘플]노형동숙소0558,,6
559,관광숙박업,03_11_00_P,6500000,SAMPLE-00559,20160814,3,폐업,01,폐업,20170713,20170713,제주특별자치도 서귀포시 대정읍 406,제주특별자치도 서귀포시 표본로 95,[샘플]대정읍숙소0559,,7
560,농어촌민박업,03_11_00_P,6500000,SAMPLE-00560,20250928,1,영업/정상,01,영업/정상,,20250928,제주특별자치도 서귀포시 대륜동 1350,제주특별자치도 서귀포시 표본로 77,[샘플]대륜동숙소0560,,12
561,농어촌민박업,03_11_00_P,6500000,SAMPLE-00561,20240409,1,영업/정상,01,영업/정상,,20240409,제주특별자치도 제주시 삼양동 664,제주특별자치도 제주시 표본로 100,[샘플]삼양동숙소0561,,8
562,숙박업,03_11_00_P,6500000,SAMPLE-00562,20110917,3,폐업,01,폐업,20220829,20220829,제주특별자치도 제주시 노형동 884,제주특별자치도 제주시 표본로 11,[샘플]노형동숙소0562,,5
563,숙박업,03_11_00_P,6500000,SAMPLE-00563,20130204,3,폐업,01,폐업,20260717,20260717,제주특별자치도 서귀포시 서홍동 1574,제주특별자치도 서귀포시 표본로 139,[샘플]서홍동숙소0563,,9
564,관광숙박업,03_11_00_P,6500000,SAMPLE-00564,20210718,3,폐업,01,폐업,20230304,20230304,제주특별자치도 제주시 한림읍 1352,제주특별자치도 제주시 표본로 112,[샘플]한림읍숙소0564,,10
565,농어촌민박업,03_11_00_P,6500000,SAMPLE-00565,20180925,3,폐업,01,폐업,20200915,20200915,제주특별자치도 서귀포시 서홍동 1002,제주특별자치도 서귀포시 표본로 210,[샘플]서홍동숙소0565,,9
566,숙박업,03_11_00_P,6500000,SAMPLE-00566,20200925,1,영업/정상,01,영업/정상,,20200925,제주특별자치도 서귀포시 중문동 1654,제주특별자치도 서귀포시 표본로 236,[샘플]중문동숙소0566,,6
567,관광숙박업,03_11_00_P,6500000,SAMPLE-00567,20230916,1,영업/정상,01,영업/정상,,20230916,제주특별자치도 제주시 한림읍 370,제주특별자치도 제주시 표본로 81,[샘플]한림읍숙소0567,,4
568,숙박업,03_11_00_P,6500000,SAMPLE-00568,20210411,1,영업/정상,01,영업/정상,,20210411,제주특별자치도 서귀포시 표선면 831,제주특별자치도 서귀포시 표본로 161,[샘플]표선면숙소0568,,7
569,농어촌민박업,03_11_00_P,6500000,SAMPLE-00569,20230601,1,영업/정상,01,영업/정상,,20230601,제주특별자치도 서귀포시 동홍동 1366,제주특별자치도 서귀포시 표본로 255,[샘플]동홍동숙소0569,,12
570,농어촌민박업,03_11_00_P,6500000,SAMPLE-00570,20141217,1,영업/정상,01,영업/정상,,20141217,제주특별자치도 제주시 노형동 1692,제주특별자치도 제주시 표본로 286,[샘플]노형동숙소0570,,6
571,농어촌민박업,03_11_00_P,6500000,SAMPLE-00571,20240804,1,영업/정상,01,영업/정상,,20240804,제주특별자치도 제주시 이도이동 1654,제주특별자치도 제주시 표본로 199,[샘플]이도이동숙소0571,,12
572,숙박업,03_11_00_P,6500000,SAMPLE-00572,20240716,1,영업/정상,01,영업/정상,,20240716,제주특별자치도 서귀포시 안덕면 1063,제주특별자치도 서귀포시 표본로 215,[샘플]안덕면숙소0572,,8
573,관광숙박업,03_11_00_P,6500000,SAMPLE-00573,20250326,1,영업/정상,01,영업/정상,,20250326,제주특별자치도 서귀포시 남원읍 1581,제주특별자치도 서귀포시 표본로 285,[샘플]남원읍숙소0573,,10
574,농어촌민박업,03_11_00_P,6500000,SAMPLE-00574,20200317,1,영업/정상,01,영업/정상,,20200317,제주특별자치도 서귀포시 성산읍 989,제주특별자치도 서귀포시 표본로 86,[샘플]성산읍숙소0574,,11
575,숙박업,03_11_00_P,6500000,SAMPLE-00575,20220612,1,영업/정상,01,영업/정상,,20220612,제주특별자치도 제주시 애월읍 313,제주특별자치도 제주시 표본로 220,[샘플]애월읍숙소0575,,1
576,농어촌민박업,03_11_00_P,6500000,SAMPLE-00576,20190123,1,영업/정상,01,영업/정상,,20190123,제주특별자치도 서귀포시 중문동 1929,제주특별자치도 서귀포시 표본로 132,[샘플]중문동숙소0576,,5
577,농어촌민박업,03_11_00_P,6500000,SAMPLE-00577,20180111,3,폐업,01,폐업,20190122,20190122,제주특별자치도 서귀포시 서홍동 697,제주특별자치도 서귀포시 표본로 211,[샘플]서홍동숙소0577,,11
578,농어촌민박업,03_11_00_P,6500000,SAMPLE-00578,20230124,1,영업/정상,01,영업/정상,,20230124,제주특별자치도 제주시 애월읍 1394,제주특별자치도 제주시 표본로 234,[샘플]애월읍숙소0578,,2
579,숙박업,03_11_00_P,6500000,SAMPLE-00579,20140709,1,영업/정상,01,영업/정상,,20140709,제주특별자치도 서귀포시 중문동 691,제주특별자치도 서귀포시 표본로 243,[샘플]중문동숙소0579,,7
580,숙박업,03_11_00_P,6500000,SAMPLE-00580,20230101,1,영업/정상,01,영업/정상,,20230101,제주특별자치도 서귀포시 대륜동 643,제주특별자치도 서귀포시 표본로 211,[샘플]대륜동숙소0580,,10
581,숙박업,03_11_00_P,6500000,SAMPLE-00581,20200906,1,영업/정상,01,영업/정상,,20200906,제주특별자치도 서귀포시 남원읍 496,제주특별자치도 서귀포시 표본로 263,[샘플]남원읍숙소0581,,5
582,숙박업,03_11_00_P,6500000,SAMPLE-00582,20250713,1,영업/정상,01,영업/정상,,20250713,제주특별자치도 서귀포시 서홍동 118,제주특별자치도 서귀포시 표본로 146,[샘플]서홍동숙소0582,,1
583,농어촌민박업,03_11_00_P,6500000,SAMPLE-00583,20241206,1,영업/정상,01,영업/정상,,20241206,제주특별자치도 제주시 구좌읍 648,제주특별자치도 제주시 표본로 184,[샘플]구좌읍숙소0583,,11
584,관광숙박업,03_11_00_P,6500000,SAMPLE-00584,20170825,1,영업/정상,01,영업/정상,,20170825,제주특별자치도 제주시 조천읍 1703,제주특별자치도 제주시 표본로 234,[샘플]조천읍숙소0584,,11
585,농어촌민박업,03_11_00_P,6500000,SAMPLE-00585,20221205,1,영업/정상,01,영업/정상,,20221205,제주특별자치도 제주시 노형동 305,제주특별자치도 제주시 표본로 195,[샘플]노형동숙소0585,,11
586,농어촌민박업,03_11_00_P,6500000,SAMPLE-00586,20260727,1,영업/정상,01,영업/정상,,20260727,제주특별자치도 서귀포시 대륜동 579,제주특별자치도 서귀포시 표본로 165,[샘플]대륜동숙소0586,,7
587,숙박업,03_11_00_P,6500000,SAMPLE-00587,20230517,1,영업/정상,01,영업/정상,,20230517,제주특별자치도 서귀포시 대륜동 748,제주특별자치도 서귀포시 표본로 76,[샘플]대륜동숙소0587,,8
588,농어촌민박업,03_11_00_P,6500000,SAMPLE-00588,20190629,3,폐업,01,폐업,20230919,20230919,제주특별자치도 서귀포시 성산읍 890,제주특별자치도 서귀포시 표본로 168,[샘플]성산읍숙소0588,,10
589,농어촌민박업,03_11_00_P,6500000,SAMPLE-00589,20200330,1,영업/정상,01,영업/정상,,20200330,제주특별자치도 제주시 애월읍 1777,제주특별자치도 제주시 표본로 198,[샘플]애월읍숙소0589,,2
590,숙박업,03_11_00_P,6500000,SAMPLE-00590,20161126,1,영업/정상,01,영업/정상,,20161126,제주특별자치도 제주시 연동 410,제주특별자치도 제주시 표본로 64,[샘플]연동숙소0590,,11
591,숙박업,03_11_00_P,6500000,SAMPLE-00591,20221004,1,영업/정상,01,영업/정상,,20221004,제주특별자치도 제주시 조천읍 848,제주특별자치도 제주시 표본로 240,[샘플]조천읍숙소0591,,3
592,숙박업,03_11_00_P,6500000,SAMPLE-00592,20180330,3,폐업,01,폐업,20210928,20210928,제주특별자치도 제주시 구좌읍 446,제주특별자치도 제주시 표본로 164,[샘플]구좌읍숙소0592,,5
593,관광숙박업,03_11_00_P,6500000,SAMPLE-00593,20151119,3,폐업,01,폐업,20210909,20210909,제주특별자치도 제주시 삼양동 916,제주특별자치도 제주시 표본로 128,[샘플]삼양동숙소0593,,4
594,농어촌민박업,03_11_00_P,6500000,SAMPLE-00594,20130908,3,폐업,01,폐업,20240517,20240517,제주특별자치도 제주시 삼양동 1383,제주특별자치도 제주시 표본로 64,[샘플]삼양동숙소0594,,2
595,숙박업,03_11_00_P,6500000,SAMPLE-00595,20210428,1,영업/정상,01,영업/정상,,20210428,제주특별자치도 서귀포시 대정읍 37,제주특별자치도 서귀포시 표본로 192,[샘플]대정읍숙소0595,,3
596,농어촌민박업,03_11_00_P,6500000,SAMPLE-00596,20220109,3,폐업,01,폐업,20251216,20251216,제주특별자치도 제주시 한림읍 819,제주특별자치도 제주시 표본로 215,[샘플]한림읍숙소0596,,12
597,농어촌민박업,03_11_00_P,6500000,SAMPLE-00597,20121029,3,폐업,01,폐업,20151126,20151126,제주특별자치도 제주시 이도이동 1320,제주특별자치도 제주시 표본로 136,[샘플]이도이동숙소0597,,9
598,농어촌민박업,03_11_00_P,6500000,SAMPLE-00598,20220729,3,영업/정상,01,휴업,,20220729,제주특별자치도 제주시 조천읍 1338,제주특별자치도 제주시 표본로 52,[샘플]조천읍숙소0598,,4
599,농어촌민박업,03_11_00_P,6500000,SAMPLE-00599,20140608,1,영업/정상,01,영업/정상,,20140608,제주특별자치도 서귀포시 중문동 734,제주특별자치도 서귀포시 표본로 118,[샘플]중문동숙소0599,,2
600,농어촌민박업,03_11_00_P,6500000,SAMPLE-00600,20230403,1,영업/정상,01,영업/정상,,20230403,제주특별자치도 제주시 연동 1467,제주특별자치도 제주시 표본로 71,[샘플]연동숙소0600,,7
601,농어촌민박업,03_11_00_P,6500000,SAMPLE-00601,20251017,1,영업/정상,01,영업/정상,,20251017,제주특별자치도 제주시 노형동 693,제주특별자치도 제주시 표본로 245,[샘플]노형동숙소0601,,7
602,농어촌민박업,03_11_00_P,6500000,SAMPLE-00602,20160621,1,영업/정상,01,영업/정상,,20160621,제주특별자치도 서귀포시 성산읍 453,제주특별자치도 서귀포시 표본로 48,[샘플]성산읍숙소0602,,11
603,농어촌민박업,03_11_00_P,6500000,SAMPLE-00603,20220323,3,폐업,01,폐업,20230801,20230801,제주특별자치도 서귀포시 안덕면 1157,제주특별자치도 서귀포시 표본로 182,[샘플]안덕면숙소0603,,5
604,농어촌민박업,03_11_00_P,6500000,SAMPLE-00604,20221123,1,영업/정상,01,영업/정상,,20221123,제주특별자치도 서귀포시 남원읍 1470,제주특별자치도 서귀포시 표본로 176,[샘플]남원읍숙소0604,,5
605,숙박업,03_11_00_P,6500000,SAMPLE-00605,20191224,1,영업/정상,01,영업/정상,,20191224,제주특별자치도 제주시 연동 256,제주특별자치도 제주시 표본로 46,[샘플]연동숙소0605,,2
606,숙박업,03_11_00_P,6500000,SAMPLE-00606,20141231,3,폐업,01,폐업,20250523,20250523,제주특별자치도 제주시 애월읍 1329,제주특별자치도 제주시 표본로 43,[샘플]애월읍숙소0606,,7
607,농어촌민박업,03_11_00_P,6500000,SAMPLE-00607,20160928,3,폐업,01,폐업,20231225,20231225,제주특별자치도 제주시 노형동 331,제주특별자치도 제주시 표본로 270,[샘플]노형동숙소0607,,6
608,농어촌민박업,03_11_00_P,6500000,SAMPLE-00608,20250128,1,영업/정상,01,영업/정상,,20250128,제주특별자치도 서귀포시 성산읍 912,제주특별자치도 서귀포시 표본로 276,[샘플]성산읍숙소0608,,5
609,관광숙박업,03_11_00_P,6500000,SAMPLE-00609,20230602,1,영업/정상,01,영업/정상,,20230602,제주특별자치도 서귀포시 서홍동 50,제주특별자치도 서귀포시 표본로 169,[샘플]서홍동숙소0609,,7
610,숙박업,03_11_00_P,6500000,SAMPLE-00610,20240926,1,영업/정상,01,영업/정상,,20240926,제주특별자치도 서귀포시 성산읍 1770,제주특별자치도 서귀포시 표본로 281,[샘플]성산읍숙소0610,,5
611,농어촌민박업,03_11_00_P,6500000,SAMPLE-00611,20220620,1,영업/정상,01,영업/정상,,20220620,제주특별자치도 제주시 노형동 1936,제주특별자치도 제주시 표본로 215,[샘플]노형동숙소0611,,2
612,농어촌민박업,03_11_00_P,6500000,SAMPLE-00612,20160917,3,폐업,01,폐업,20260503,20260503,제주특별자치도 제주시 구좌읍 1954,제주특별자치도 제주시 표본로 269,[샘플]구좌읍숙소0612,,8
613,농어촌민박업,03_11_00_P,6500000,SAMPLE-00613,20160301,1,영업/정상,01,영업/정상,,20160301,제주특별자치도 제주시 구좌읍 798,제주특별자치도 제주시 표본로 186,[샘플]구좌읍숙소0613,,12
614,농어촌민박업,03_11_00_P,6500000,SAMPLE-00614,20260301,1,영업/정상,01,영업/정상,,20260301,제주특별자치도 서귀포시 안덕면 1515,제주특별자치도 서귀포시 표본로 194,[샘플]안덕면숙소0614,,5
615,농어촌민박업,03_11_00_P,6500000,SAMPLE-00615,20210613,1,영업/정상,01,영업/정상,,20210613,제주특별자치도 제주시 삼양동 1914,제주특별자치도 제주시 표본로 173,[샘플]삼양동숙소0615,,9
616,숙박업,03_11_00_P,6500000,SAMPLE-00616,20230918,1,영업/정상,01,영업/정상,,20230918,제주특별자치도 제주시 조천읍 747,제주특별자치도 제주시 표본로 176,[샘플]조천읍숙소0616,,4
617,숙박업,03_11_00_P,6500000,SAMPLE-00617,20190118,3,폐업,01,폐업,20230108,20230108,제주특별자치도 서귀포시 대정읍 799,제주특별자치도 서귀포시 표본로 152,[샘플]대정읍숙소0617,,9
618,농어촌민박업,03_11_00_P,6500000,SAMPLE-00618,20120101,3,폐업,01,폐업,20170831,20170831,제주특별자치도 서귀포시 안덕면 357,제주특별자치도 서귀포시 표본로 69,[샘플]안덕면숙소0618,,1
619,농어촌민박업,03_11_00_P,6500000,SAMPLE-00619,20250403,1,영업/정상,01,영업/정상,,20250403,제주특별자치도 서귀포시 성산읍 437,제주특별자치도 서귀포시 표본로 247,[샘플]성산읍숙소0619,,11
620,숙박업,03_11_00_P,6500000,SAMPLE-00620,20230727,3,폐업,01,폐업,20260330,20260330,제주특별자치도 서귀포시 남원읍 519,제주특별자치도 서귀포시 표본로 125,[샘플]남원읍숙소0620,,11
621,농어촌민박업,03_11_00_P,6500000,SAMPLE-00621,20230628,1,영업/정상,01,영업/정상,,20230628,제주특별자치도 서귀포시 표선면 1945,제주특별자치도 서귀포시 표본로 48,[샘플]표선면숙소0621,,12
622,농어촌민박업,03_11_00_P,6500000,SAMPLE-00622,20200623,1,영업/정상,01,영업/정상,,20200623,제주특별자치도 제주시 한림읍 899,제주특별자치도 제주시 표본로 214,[샘플]한림읍숙소0622,,3
623,농어촌민박업,03_11_00_P,6500000,SAMPLE-00623,20210411,1,영업/정상,01,영업/정상,,20210411,제주특별자치도 제주시 애월읍 1434,제주특별자치도 제주시 표본로 249,[샘플]애월읍숙소0623,,10
624,농어촌민박업,03_11_00_P,6500000,SAMPLE-00624,20161104,3,폐업,01,폐업,20230608,20230608,제주특별자치도 제주시 연동 744,제주특별자치도 제주시 표본로 151,[샘플]연동숙소0624,,10
625,농어촌민박업,03_11_00_P,6500000,SAMPLE-00625,20240826,1,영업/정상,01,영업/정상,,20240826,제주특별자치도 서귀포시 중문동 1811,제주특별자치도 서귀포시 표본로 55,[샘플]중문동숙소0625,,10
626,관광숙박업,03_11_00_P,6500000,SAMPLE-00626,20220327,3,폐업,01,폐업,20221018,20221018,제주특별자치도 제주시 한림읍 658,제주특별자치도 제주시 표본로 157,[샘플]한림읍숙소0626,,12
627,농어촌민박업,03_11_00_P,6500000,SAMPLE-00627,20220920,1,영업/정상,01,영업/정상,,20220920,제주특별자치도 제주시 노형동 1807,제주특별자치도 제주시 표본로 132,[샘플]노형동숙소0627,,7
628,관광숙박업,03_11_00_P,6500000,SAMPLE-00628,20150616,1,영업/정상,01,영업/정상,,20150616,제주특별자치도 제주시 한림읍 844,제주특별자치도 제주시 표본로 280,[샘플]한림읍숙소0628,,6
629,농어촌민박업,03_11_00_P,6500000,SAMPLE-00629,20230918,1,영업/정상,01,영업/정상,,20230918,제주특별자치도 제주시 이도이동 556,제주특별자치도 제주시 표본로 206,[샘플]이도이동숙소0629,,3
630,농어촌민박업,03_11_00_P,6500000,SAMPLE-00630,20211011,3,폐업,01,폐업,20250913,20250913,제주특별자치도 제주시 연동 676,제주특별자치도 제주시 표본로 178,[샘플]연동숙소0630,,11
631,숙박업,03_11_00_P,6500000,SAMPLE-00631,20221225,3,폐업,01,폐업,20250419,20250419,제주특별자치도 제주시 한림읍 1873,제주특별자치도 제주시 표본로 62,[샘플]한림읍숙소0631,,4
632,농어촌민박업,03_11_00_P,6500000,SAMPLE-00632,20210221,1,영업/정상,01,영업/정상,,20210221,제주특별자치도 제주시 삼양동 900,제주특별자치도 제주시 표본로 64,[샘플]삼양동숙소0632,,1
633,농어촌민박업,03_11_00_P,6500000,SAMPLE-00633,20171104,1,영업/정상,01,영업/정상,,20171104,제주특별자치도 서귀포시 대정읍 1750,제주특별자치도 서귀포시 표본로 277,[샘플]대정읍숙소0633,,8
634,농어촌민박업,03_11_00_P,6500000,SAMPLE-00634,20230626,1,영업/정상,01,영업/정상,,20230626,제주특별자치도 제주시 구좌읍 296,제주특별자치도 제주시 표본로 229,[샘플]구좌읍숙소0634,,3
635,농어촌민박업,03_11_00_P,6500000,SAMPLE-00635,20200204,1,영업/정상,01,영업/정상,,20200204,제주특별자치도 서귀포시 중문동 1004,제주특별자치도 서귀포시 표본로 182,[샘플]중문동숙소0635,,10
636,숙박업,03_11_00_P,6500000,SAMPLE-00636,20250506,1,영업/정상,01,영업/정상,,20250506,제주특별자치도 서귀포시 표선면 1422,제주특별자치도 서귀포시 표본로 111,[샘플]표선면숙소0636,,9
637,관광숙박업,03_11_00_P,6500000,SAMPLE-00637,20151202,1,영업/정상,01,영업/정상,,20151202,제주특별자치도 제주시 연동 271,제주특별자치도 제주시 표본로 197,[샘플]연동숙소0637,,12
638,농어촌민박업,03_11_00_P,6500000,SAMPLE-00638,20230324,1,영업/정상,01,영업/정상,,20230324,제주특별자치도 제주시 이도이동 107,제주특별자치도 제주시 표본로 229,[샘플]이도이동숙소0638,,2
639,농어촌민박업,03_11_00_P,6500000,SAMPLE-00639,20170708,1,영업/정상,01,영업/정상,,20170708,제주특별자치도 서귀포시 대정읍 484,제주특별자치도 서귀포시 표본로 208,[샘플]대정읍숙소0639,,5
640,숙박업,03_11_00_P,6500000,SAMPLE-00640,20130924,3,폐업,01,폐업,20140812,20140812,제주특별자치도 제주시 이도이동 1727,제주특별자치도 제주시 표본로 113,[샘플]이도이동숙소0640,,6
641,농어촌민박업,03_11_00_P,6500000,SAMPLE-00641,20201201,1,영업/정상,01,영업/정상,,20201201,제주특별자치도 서귀포시 동홍동 1880,제주특별자치도 서귀포시 표본로 281,[샘플]동홍동숙소0641,,1
642,숙박업,03_11_00_P,6500000,SAMPLE-00642,20180302,3,폐업,01,폐업,20191215,20191215,제주특별자치도 제주시 애월읍 1651,제주특별자치도 제주시 표본로 195,[샘플]애월읍숙소0642,,11
643,농어촌민박업,03_11_00_P,6500000,SAMPLE-00643,20240116,3,폐업,01,폐업,20260226,20260226,제주특별자치도 제주시 연동 1088,제주특별자치도 제주시 표본로 18,[샘플]연동숙소0643,,5
644,숙박업,03_11_00_P,6500000,SAMPLE-00644,20250915,3,폐업,01,폐업,20260415,20260415,제주특별자치도 제주시 애월읍 1810,제주특별자치도 제주시 표본로 248,[샘플]애월읍숙소0644,,3
645,관광숙박업,03_11_00_P,6500000,SAMPLE-00645,20241120,1,영업/정상,01,영업/정상,,20241120,제주특별자치도 제주시 한림읍 161,제주특별자치도 제주시 표본로 55,[샘플]한림읍숙소0645,,1
646,농어촌민박업,03_11_00_P,6500000,SAMPLE-00646,20230425,1,영업/정상,01,영업/정상,,20230425,제주특별자치도 서귀포시 서홍동 1087,제주특별자치도 서귀포시 표본로 153,[샘플]서홍동숙소0646,,9
647,숙박업,03_11_00_P,6500000,SAMPLE-00647,20260514,1,영업/정상,01,영업/정상,,20260514,제주특별자치도 서귀포시 서홍동 1582,제주특별자치도 서귀포시 표본로 19,[샘플]서홍동숙소0647,,10
648,숙박업,03_11_00_P,6500000,SAMPLE-00648,20260109,1,영업/정상,01,영업/정상,,20260109,제주특별자치도 서귀포시 안덕면 553,제주특별자치도 서귀포시 표본로 121,[샘플]안덕면숙소0648,,3
649,관광숙박업,03_11_00_P,6500000,SAMPLE-00649,20260820,1,영업/정상,01,영업/정상,,20260820,제주특별자치도 제주시 구좌읍 1287,제주특별자치도 제주시 표본로 240,[샘플]구좌읍숙소0649,,9
650,농어촌민박업,03_11_00_P,6500000,SAMPLE-00650,20191208,1,영업/정상,01,영업/정상,,20191208,제주특별자치도 서귀포시 성산읍 53,제주특별자치도 서귀포시 표본로 11,[샘플]성산읍숙소0650,,7
651,숙박업,03_11_00_P,6500000,SAMPLE-00651,20200303,3,폐업,01,폐업,20230122,20230122,제주특별자치도 제주시 노형동 1085,제주특별자치도 제주시 표본로 186,[샘플]노형동숙소0651,,3
652,관광숙박업,03_11_00_P,6500000,SAMPLE-00652,20241109,1,영업/정상,01,영업/정상,,20241109,제주특별자치도 제주시 연동 136,제주특별자치도 제주시 표본로 201,[샘플]연동숙소0652,,10
653,농어촌민박업,03_11_00_P,6500000,SAMPLE-00653,20221208,3,폐업,01,폐업,20230613,20230613,제주특별자치도 서귀포시 대륜동 1903,제주특별자치도 서귀포시 표본로 68,[샘플]대륜동숙소0653,,5
654,농어촌민박업,03_11_00_P,6500000,SAMPLE-00654,20160711,1,영업/정상,01,영업/정상,,20160711,제주특별자치도 서귀포시 서홍동 1244,제주특별자치도 서귀포시 표본로 283,[샘플]서홍동숙소0654,,7
655,농어촌민박업,03_11_00_P,6500000,SAMPLE-00655,20180727,3,폐업,01,폐업,20201128,20201128,제주특별자치도 제주시 이도이동 568,제주특별자치도 제주시 표본로 170,[샘플]이도이동숙소0655,,1
656,농어촌민박업,03_11_00_P,6500000,SAMPLE-00656,20151006,1,영업/정상,01,영업/정상,,20151006,제주특별자치도 서귀포시 표선면 981,제주특별자치도 서귀포시 표본로 18,[샘플]표선면숙소0656,,3
657,숙박업,03_11_00_P,6500000,SAMPLE-00657,20201110,1,영업/정상,01,영업/정상,,20201110,제주특별자치도 서귀포시 서홍동 1894,제주특별자치도 서귀포시 표본로 88,[샘플]서홍동숙소0657,,12
658,관광숙박업,03_11_00_P,6500000,SAMPLE-00658,20201019,3,폐업,01,폐업,20260324,20260324,제주특별자치도 서귀포시 대륜동 531,제주특별자치도 서귀포시 표본로 78,[샘플]대륜동숙소0658,,11
659,관광숙박업,03_11_00_P,6500000,SAMPLE-00659,20151010,1,영업/정상,01,영업/정상,,20151010,제주특별자치도 제주시 조천읍 1897,제주특별자치도 제주시 표본로 183,[샘플]조천읍숙소0659,,8
660,숙박업,03_11_00_P,6500000,SAMPLE-00660,20190224,3,폐업,01,폐업,20260616,20260616,제주특별자치도 서귀포시 남원읍 741,제주특별자치도 서귀포시 표본로 80,[샘플]남원읍숙소0660,,10
661,농어촌민박업,03_11_00_P,6500000,SAMPLE-00661,20141109,1,영업/정상,01,영업/정상,,20141109,제주특별자치도 제주시 애월읍 1040,제주특별자치도 제주시 표본로 233,[샘플]애월읍숙소0661,,6
662,농어촌민박업,03_11_00_P,6500000,SAMPLE-00662,20150625,3,폐업,01,폐업,20211125,20211125,제주특별자치도 서귀포시 안덕면 87,제주특별자치도 서귀포시 표본로 71,[샘플]안덕면숙소0662,,3
663,농어촌민박업,03_11_00_P,6500000,SAMPLE-00663,20220829,1,영업/정상,01,영업/정상,,20220829,제주특별자치도 서귀포시 동홍동 1987,제주특별자치도 서귀포시 표본로 220,[샘플]동홍동숙소0663,,2
664,농어촌민박업,03_11_00_P,6500000,SAMPLE-00664,20201123,1,영업/정상,01,영업/정상,,20201123,제주특별자치도 제주시 노형동 1919,제주특별자치도 제주시 표본로 63,[샘플]노형동숙소0664,,9
665,농어촌민박업,03_11_00_P,6500000,SAMPLE-00665,20230629,1,영업/정상,01,영업/정상,,20230629,제주특별자치도 제주시 연동 1043,제주특별자치도 제주시 표본로 33,[샘플]연동숙소0665,,4
666,관광숙박업,03_11_00_P,6500000,SAMPLE-00666,20190604,3,폐업,01,폐업,20240405,20240405,제주특별자치도 서귀포시 남원읍 779,제주특별자치도 서귀포시 표본로 170,[샘플]남원읍숙소0666,,12
667,숙박업,03_11_00_P,6500000,SAMPLE-00667,20260413,1,영업/정상,01,영업/정상,,20260413,제주특별자치도 제주시 한경면 672,제주특별자치도 제주시 표본로 280,[샘플]한경면숙소0667,,8
668,농어촌민박업,03_11_00_P,6500000,SAMPLE-00668,20190615,1,영업/정상,01,영업/정상,,20190615,제주특별자치도 제주시 이도이동 1514,제주특별자치도 제주시 표본로 114,[샘플]이도이동숙소0668,,5
669,농어촌민박업,03_11_00_P,6500000,SAMPLE-00669,20200527,1,영업/정상,01,영업/정상,,20200527,제주특별자치도 서귀포시 대정읍 1229,제주특별자치도 서귀포시 표본로 65,[샘플]대정읍숙소0669,,4
670,농어촌민박업,03_11_00_P,6500000,SAMPLE-00670,20190508,3,폐업,01,폐업,20240505,20240505,제주특별자치도 서귀포시 성산읍 206,제주특별자치도 서귀포시 표본로 168,[샘플]성산읍숙소0670,,5
671,숙박업,03_11_00_P,6500000,SAMPLE-00671,20210722,1,영업/정상,01,영업/정상,,20210722,제주특별자치도 제주시 애월읍 216,제주특별자치도 제주시 표본로 60,[샘플]애월읍숙소0671,,9
672,관광숙박업,03_11_00_P,6500000,SAMPLE-00672,20181102,1,영업/정상,01,영업/정상,,20181102,제주특별자치도 제주시 삼양동 1747,제주특별자치도 제주시 표본로 194,[샘플]삼양동숙소0672,,8
673,관광숙박업,03_11_00_P,6500000,SAMPLE-00673,20250101,1,영업/정상,01,영업/정상,,20250101,제주특별자치도 제주시 조천읍 1754,제주특별자치도 제주시 표본로 219,[샘플]조천읍숙소0673,,12
674,농어촌민박업,03_11_00_P,6500000,SAMPLE-00674,20210420,3,폐업,01,폐업,20221123,20221123,제주특별자치도 제주시 노형동 1029,제주특별자치도 제주시 표본로 158,[샘플]노형동숙소0674,,9
675,숙박업,03_11_00_P,6500000,SAMPLE-00675,20230415,1,영업/정상,01,영업/정상,,20230415,제주특별자치도 제주시 한림읍 1979,제주특별자치도 제주시 표본로 285,[샘플]한림읍숙소0675,,1
676,숙박업,03_11_00_P,6500000,SAMPLE-00676,20251105,1,영업/정상,01,영업/정상,,20251105,제주특별자치도 제주시 노형동 1765,제주특별자치도 제주시 표본로 71,[샘플]노형동숙소0676,,1
677,농어촌민박업,03_11_00_P,6500000,SAMPLE-00677,20190723,1,영업/정상,01,영업/정상,,20190723,제주특별자치도 서귀포시 성산읍 1605,제주특별자치도 서귀포시 표본로 222,[샘플]성산읍숙소0677,,8
678,농어촌민박업,03_11_00_P,6500000,SAMPLE-00678,20221226,1,영업/정상,01,영업/정상,,20221226,제주특별자치도 제주시 한림읍 724,제주특별자치도 제주시 표본로 148,[샘플]한림읍숙소0678,,5
679,농어촌민박업,03_11_00_P,6500000,SAMPLE-00679,20230102,1,영업/정상,01,영업/정상,,20230102,제주특별자치도 제주시 연동 693,제주특별자치도 제주시 표본로 215,[샘플]연동숙소0679,,8
680,숙박업,03_11_00_P,6500000,SAMPLE-00680,20240717,1,영업/정상,01,영업/정상,,20240717,제주특별자치도 서귀포시 중문동 1013,제주특별자치도 서귀포시 표본로 37,[샘플]중문동숙소0680,,9
681,관광숙박업,03_11_00_P,6500000,SAMPLE-00681,20200926,3,폐업,01,폐업,20231023,20231023,제주특별자치도 제주시 노형동 1811,제주특별자치도 제주시 표본로 78,[샘플]노형동숙소0681,,5
682,농어촌민박업,03_11_00_P,6500000,SAMPLE-00682,20160612,3,폐업,01,폐업,20190225,20190225,제주특별자치도 제주시 이도이동 383,제주특별자치도 제주시 표본로 163,[샘플]이도이동숙소0682,,9
683,관광숙박업,03_11_00_P,6500000,SAMPLE-00683,20250610,1,영업/정상,01,영업/정상,,20250610,제주특별자치도 제주시 한림읍 769,제주특별자치도 제주시 표본로 14,[샘플]한림읍숙소0683,,12
684,농어촌민박업,03_11_00_P,6500000,SAMPLE-00684,20210421,3,폐업,01,폐업,20260617,20260617,제주특별자치도 서귀포시 대륜동 48,제주특별자치도 서귀포시 표본로 190,[샘플]대륜동숙소0684,,4
685,농어촌민박업,03_11_00_P,6500000,SAMPLE-00685,20250226,1,영업/정상,01,영업/정상,,20250226,제주특별자치도 서귀포시 성산읍 1878,제주특별자치도 서귀포시 표본로 1,[샘플]성산읍숙소0685,,1
686,관광숙박업,03_11_00_P,6500000,SAMPLE-00686,20241012,1,영업/정상,01,영업/정상,,20241012,제주특별자치도 제주시 애월읍 78,제주특별자치도 제주시 표본로 175,[샘플]애월읍숙소0686,,3
687,숙박업,03_11_00_P,6500000,SAMPLE-00687,20201012,3,폐업,01,폐업,20220129,20220129,제주특별자치도 제주시 한경면 600,제주특별자치도 제주시 표본로 215,[샘플]한경면숙소0687,,3
688,숙박업,03_11_00_P,6500000,SAMPLE-00688,20140605,1,영업/정상,01,영업/정상,,20140605,제주특별자치도 서귀포시 대륜동 1995,제주특별자치도 서귀포시 표본로 256,[샘플]대륜동숙소0688,,1
689,숙박업,03_11_00_P,6500000,SAMPLE-00689,20210120,1,영업/정상,01,영업/정상,,20210120,제주특별자치도 제주시 이도이동 483,제주특별자치도 제주시 표본로 33,[샘플]이도이동숙소0689,,2
690,숙박업,03_11_00_P,6500000,SAMPLE-00690,20201209,1,영업/정상,01,영업/정상,,20201209,제주특별자치도 서귀포시 안덕면 1403,제주특별자치도 서귀포시 표본로 187,[샘플]안덕면숙소0690,,8
691,관광숙박업,03_11_00_P,6500000,SAMPLE-00691,20221103,1,영업/정상,01,영업/정상,,20221103,제주특별자치도 서귀포시 중문동 716,제주특별자치도 서귀포시 표본로 60,[샘플]중문동숙소0691,,1
692,숙박업,03_11_00_P,6500000,SAMPLE-00692,20210507,3,영업/정상,01,휴업,,20210507,제주특별자치도 제주시 노형동 735,제주특별자치도 제주시 표본로 248,[샘플]노형동숙소0692,,3
693,숙박업,03_11_00_P,6500000,SAMPLE-00693,20200207,3,폐업,01,폐업,20250925,20250925,제주특별자치도 서귀포시 대륜동 182,제주특별자치도 서귀포시 표본로 241,[샘플]대륜동숙소0693,,2
694,관광숙박업,03_11_00_P,6500000,SAMPLE-00694,20160530,1,영업/정상,01,영업/정상,,20160530,제주특별자치도 제주시 노형동 324,제주특별자치도 제주시 표본로 81,[샘플]노형동숙소0694,,5
695,농어촌민박업,03_11_00_P,6500000,SAMPLE-00695,20250208,1,영업/정상,01,영업/정상,,20250208,제주특별자치도 서귀포시 중문동 1733,제주특별자치도 서귀포시 표본로 199,[샘플]중문동숙소0695,,8
696,농어촌민박업,03_11_00_P,6500000,SAMPLE-00696,20260425,3,영업/정상,01,휴업,,20260425,제주특별자치도 서귀포시 대정읍 1586,제주특별자치도 서귀포시 표본로 19,[샘플]대정읍숙소0696,,8
697,관광숙박업,03_11_00_P,6500000,SAMPLE-00697,20190216,1,영업/정상,01,영업/정상,,20190216,제주특별자치도 서귀포시 동홍동 1392,제주특별자치도 서귀포시 표본로 114,[샘플]동홍동숙소0697,,3
698,숙박업,03_11_00_P,6500000,SAMPLE-00698,20200303,1,영업/정상,01,영업/정상,,20200303,제주특별자치도 서귀포시 중문동 558,제주특별자치도 서귀포시 표본로 261,[샘플]중문동숙소0698,,9
699,농어촌민박업,03_11_00_P,6500000,SAMPLE-00699,20160224,1,영업/정상,01,영업/정상,,20160224,제주특별자치도 서귀포시 서홍동 1776,제주특별자치도 서귀포시 표본로 264,[샘플]서홍동숙소0699,,1
700,숙박업,03_11_00_P,6500000,SAMPLE-00700,20170726,3,폐업,01,폐업,20230204,20230204,제주특별자치도 서귀포시 안덕면 853,제주특별자치도 서귀포시 표본로 277,[샘플]안덕면숙소0700,,12
701,농어촌민박업,03_11_00_P,6500000,SAMPLE-00701,20180201,1,영업/정상,01,영업/정상,,20180201,제주특별자치도 서귀포시 서홍동 1784,제주특별자치도 서귀포시 표본로 159,[샘플]서홍동숙소0701,,2
702,농어촌민박업,03_11_00_P,6500000,SAMPLE-00702,20180905,1,영업/정상,01,영업/정상,,20180905,제주특별자치도 서귀포시 대정읍 786,제주특별자치도 서귀포시 표본로 129,[샘플]대정읍숙소0702,,3
703,관광숙박업,03_11_00_P,6500000,SAMPLE-00703,20180930,1,영업/정상,01,영업/정상,,20180930,제주특별자치도 서귀포시 안덕면 1903,제주특별자치도 서귀포시 표본로 40,[샘플]안덕면숙소0703,,6
704,관광숙박업,03_11_00_P,6500000,SAMPLE-00704,20160629,1,영업/정상,01,영업/정상,,20160629,제주특별자치도 서귀포시 중문동 1673,제주특별자치도 서귀포시 표본로 51,[샘플]중문동숙소0704,,10
705,농어촌민박업,03_11_00_P,6500000,SAMPLE-00705,20200422,3,폐업,01,폐업,20260116,20260116,제주특별자치도 제주시 구좌읍 407,제주특별자치도 제주시 표본로 135,[샘플]구좌읍숙소0705,,6
706,농어촌민박업,03_11_00_P,6500000,SAMPLE-00706,20240415,3,폐업,01,폐업,20260904,20260904,제주특별자치도 제주시 한림읍 1323,제주특별자치도 제주시 표본로 180,[샘플]한림읍숙소0706,,6
707,농어촌민박업,03_11_00_P,6500000,SAMPLE-00707,20211020,3,폐업,01,폐업,20221004,20221004,제주특별자치도 제주시 이도이동 395,제주특별자치도 제주시 표본로 217,[샘플]이도이동숙소0707,,9
708,관광숙박업,03_11_00_P,6500000,SAMPLE-00708,20170529,1,영업/정상,01,영업/정상,,20170529,제주특별자치도 제주시 노형동 627,제주특별자치도 제주시 표본로 188,[샘플]노형동숙소0708,,1
709,숙박업,03_11_00_P,6500000,SAMPLE-00709,20160910,1,영업/정상,01,영업/정상,,20160910,제주특별자치도 제주시 삼양동 1981,제주특별자치도 제주시 표본로 210,[샘플]삼양동숙소0709,,5
710,농어촌민박업,03_11_00_P,6500000,SAMPLE-00710,20111212,1,영업/정상,01,영업/정상,,20111212,제주특별자치도 제주시 구좌읍 1491,제주특별자치도 제주시 표본로 285,[샘플]구좌읍숙소0710,,6
711,농어촌민박업,03_11_00_P,6500000,SAMPLE-00711,20190731,3,폐업,01,폐업,20210831,20210831,제주특별자치도 제주시 이도이동 449,제주특별자치도 제주시 표본로 41,[샘플]이도이동숙소0711,,1
712,농어촌민박업,03_11_00_P,6500000,SAMPLE-00712,20181020,1,영업/정상,01,영업/정상,,20181020,제주특별자치도 서귀포시 대륜동 1782,제주특별자치도 서귀포시 표본로 20,[샘플]대륜동숙소0712,,3
713,숙박업,03_11_00_P,6500000,SAMPLE-00713,20141116,1,영업/정상,01,영업/정상,,20141116,제주특별자치도 서귀포시 성산읍 884,제주특별자치도 서귀포시 표본로 272,[샘플]성산읍숙소0713,,4
714,농어촌민박업,03_11_00_P,6500000,SAMPLE-00714,20260219,1,영업/정상,01,영업/정상,,20260219,제주특별자치도 제주시 이도이동 1785,제주특별자치도 제주시 표본로 229,[샘플]이도이동숙소0714,,9
715,농어촌민박업,03_11_00_P,6500000,SAMPLE-00715,20210515,1,영업/정상,01,영업/정상,,20210515,제주특별자치도 제주시 이도이동 208,제주특별자치도 제주시 표본로 155,[샘플]이도이동숙소0715,,5
716,숙박업,03_11_00_P,6500000,SAMPLE-00716,20140119,3,폐업,01,폐업,20231018,20231018,제주특별자치도 제주시 구좌읍 1249,제주특별자치도 제주시 표본로 240,[샘플]구좌읍숙소0716,,3
717,농어촌민박업,03_11_00_P,6500000,SAMPLE-00717,20191204,1,영업/정상,01,영업/정상,,20191204,제주특별자치도 서귀포시 안덕면 1955,제주특별자치도 서귀포시 표본로 137,[샘플]안덕면숙소0717,,9
718,숙박업,03_11_00_P,6500000,SAMPLE-00718,20211018,3,폐업,01,폐업,20260424,20260424,제주특별자치도 제주시 삼양동 902,제주특별자치도 제주시 표본로 233,[샘플]삼양동숙소0718,,12
719,농어촌민박업,03_11_00_P,6500000,SAMPLE-00719,20220805,1,영업/정상,01,영업/정상,,20220805,제주특별자치도 서귀포시 남원읍 1289,제주특별자치도 서귀포시 표본로 126,[샘플]남원읍숙소0719,,2
720,농어촌민박업,03_11_00_P,6500000,SAMPLE-00720,20150419,3,폐업,01,폐업,20181230,20181230,제주특별자치도 서귀포시 안덕면 438,제주특별자치도 서귀포시 표본로 244,[샘플]안덕면숙소0720,,2
721,숙박업,03_11_00_P,6500000,SAMPLE-00721,20160722,1,영업/정상,01,영업/정상,,20160722,제주특별자치도 서귀포시 동홍동 233,제주특별자치도 서귀포시 표본로 262,[샘플]동홍동숙소0721,,1
722,농어촌민박업,03_11_00_P,6500000,SAMPLE-00722,20180308,1,영업/정상,01,영업/정상,,20180308,제주특별자치도 서귀포시 중문동 647,제주특별자치도 서귀포시 표본로 168,[샘플]중문동숙소0722,,9
723,농어촌민박업,03_11_00_P,6500000,SAMPLE-00723,20150227,1,영업/정상,01,영업/정상,,20150227,제주특별자치도 서귀포시 대정읍 1131,제주특별자치도 서귀포시 표본로 165,[샘플]대정읍숙소0723,,4
724,농어촌민박업,03_11_00_P,6500000,SAMPLE-00724,20160704,1,영업/정상,01,영업/정상,,20160704,제주특별자치도 서귀포시 서홍동 1770,제주특별자치도 서귀포시 표본로 211,[샘플]서홍동숙소0724,,8
725,농어촌민박업,03_11_00_P,6500000,SAMPLE-00725,20211111,1,영업/정상,01,영업/정상,,20211111,제주특별자치도 제주시 한경면 1878,제주특별자치도 제주시 표본로 259,[샘플]한경면숙소0725,,6
726,농어촌민박업,03_11_00_P,6500000,SAMPLE-00726,20150918,3,폐업,01,폐업,20220801,20220801,제주특별자치도 제주시 한경면 1798,제주특별자치도 제주시 표본로 17,[샘플]한경면숙소0726,,11
727,농어촌민박업,03_11_00_P,6500000,SAMPLE-00727,20180626,1,영업/정상,01,영업/정상,,20180626,제주특별자치도 제주시 노형동 65,제주특별자치도 제주시 표본로 2,[샘플]노형동숙소0727,,10
728,농어촌민박업,03_11_00_P,6500000,SAMPLE-00728,20170608,3,폐업,01,폐업,20250517,20250517,제주특별자치도 서귀포시 대정읍 933,제주특별자치도 서귀포시 표본로 113,[샘플]대정읍숙소0728,,4
729,숙박업,03_11_00_P,6500000,SAMPLE-00729,20120225,1,영업/정상,01,영업/정상,,20120225,제주특별자치도 서귀포시 동홍동 1747,제주특별자치도 서귀포시 표본로 184,[샘플]동홍동숙소0729,,5
730,농어촌민박업,03_11_00_P,6500000,SAMPLE-00730,20160427,3,폐업,01,폐업,20200316,20200316,제주특별자치도 서귀포시 서홍동 461,제주특별자치도 서귀포시 표본로 225,[샘플]서홍동숙소0730,,7
731,농어촌민박업,03_11_00_P,6500000,SAMPLE-00731,20250204,1,영업/정상,01,영업/정상,,20250204,제주특별자치도 제주시 일도이동 871,제주특별자치도 제주시 표본로 183,[샘플]일도이동숙소0731,,12
732,숙박업,03_11_00_P,6500000,SAMPLE-00732,20171231,1,영업/정상,01,영업/정상,,20171231,제주특별자치도 서귀포시 동홍동 903,제주특별자치도 서귀포시 표본로 90,[샘플]동홍동숙소0732,,12
733,농어촌민박업,03_11_00_P,6500000,SAMPLE-00733,20211101,1,영업/정상,01,영업/정상,,20211101,제주특별자치도 제주시 조천읍 1537,제주특별자치도 제주시 표본로 79,[샘플]조천읍숙소0733,,9
734,숙박업,03_11_00_P,6500000,SAMPLE-00734,20260120,1,영업/정상,01,영업/정상,,20260120,제주특별자치도 제주시 이도이동 1005,제주특별자치도 제주시 표본로 21,[샘플]이도이동숙소0734,,11
735,숙박업,03_11_00_P,6500000,SAMPLE-00735,20250707,1,영업/정상,01,영업/정상,,20250707,제주특별자치도 제주시 구좌읍 1247,제주특별자치도 제주시 표본로 70,[샘플]구좌읍숙소0735,,5
736,관광숙박업,03_11_00_P,6500000,SAMPLE-00736,20120627,1,영업/정상,01,영업/정상,,20120627,제주특별자치도 제주시 일도이동 964,제주특별자치도 제주시 표본로 221,[샘플]일도이동숙소0736,,8
737,숙박업,03_11_00_P,6500000,SAMPLE-00737,20170325,1,영업/정상,01,영업/정상,,20170325,제주특별자치도 제주시 조천읍 1857,제주특별자치도 제주시 표본로 284,[샘플]조천읍숙소0737,,12
738,관광숙박업,03_11_00_P,6500000,SAMPLE-00738,20250923,1,영업/정상,01,영업/정상,,20250923,제주특별자치도 제주시 노형동 1299,제주특별자치도 제주시 표본로 113,[샘플]노형동숙소0738,,4
739,숙박업,03_11_00_P,6500000,SAMPLE-00739,20200927,1,영업/정상,01,영업/정상,,20200927,제주특별자치도 서귀포시 동홍동 721,제주특별자치도 서귀포시 표본로 60,[샘플]동홍동숙소0739,,8
740,관광숙박업,03_11_00_P,6500000,SAMPLE-00740,20130225,1,영업/정상,01,영업/정상,,20130225,제주특별자치도 제주시 노형동 1141,제주특별자치도 제주시 표본로 29,[샘플]노형동숙소0740,,2
741,숙박업,03_11_00_P,6500000,SAMPLE-00741,20151220,1,영업/정상,01,영업/정상,,20151220,제주특별자치도 제주시 구좌읍 979,제주특별자치도 제주시 표본로 66,[샘플]구좌읍숙소0741,,6
742,관광숙박업,03_11_00_P,6500000,SAMPLE-00742,20240902,1,영업/정상,01,영업/정상,,20240902,제주특별자치도 서귀포시 서홍동 441,제주특별자치도 서귀포시 표본로 242,[샘플]서홍동숙소0742,,8
743,농어촌민박업,03_11_00_P,6500000,SAMPLE-00743,20210114,1,영업/정상,01,영업/정상,,20210114,제주특별자치도 서귀포시 안덕면 1639,제주특별자치도 서귀포시 표본로 69,[샘플]안덕면숙소0743,,10
744,숙박업,03_11_00_P,6500000,SAMPLE-00744,20120327,1,영업/정상,01,영업/정상,,20120327,제주특별자치도 서귀포시 대정읍 8,제주특별자치도 서귀포시 표본로 281,[샘플]대정읍숙소0744,,2
745,숙박업,03_11_00_P,6500000,SAMPLE-00745,20160709,1,영업/정상,01,영업/정상,,20160709,제주특별자치도 서귀포시 성산읍 1340,제주특별자치도 서귀포시 표본로 238,[샘플]성산읍숙소0745,,9
746,농어촌민박업,03_11_00_P,6500000,SAMPLE-00746,20210311,3,폐업,01,폐업,20260819,20260819,제주특별자치도 제주시 일도이동 1657,제주특별자치도 제주시 표본로 222,[샘플]일도이동숙소0746,,12
747,농어촌민박업,03_11_00_P,6500000,SAMPLE-00747,20230916,1,영업/정상,01,영업/정상,,20230916,제주특별자치도 제주시 한경면 661,제주특별자치도 제주시 표본로 60,[샘플]한경면숙소0747,,3
748,농어촌민박업,03_11_00_P,6500000,SAMPLE-00748,20210203,1,영업/정상,01,영업/정상,,20210203,제주특별자치도 제주시 연동 252,제주특별자치도 제주시 표본로 222,[샘플]연동숙소0748,,3
749,농어촌민박업,03_11_00_P,6500000,SAMPLE-00749,20161027,1,영업/정상,01,영업/정상,,20161027,제주특별자치도 제주시 이도이동 981,제주특별자치도 제주시 표본로 259,[샘플]이도이동숙소0749,,10
750,숙박업,03_11_00_P,6500000,SAMPLE-00750,20200325,3,폐업,01,폐업,20200924,20200924,제주특별자치도 서귀포시 안덕면 421,제주특별자치도 서귀포시 표본로 174,[샘플]안덕면숙소0750,,12
751,숙박업,03_11_00_P,6500000,SAMPLE-00751,20150928,1,영업/정상,01,영업/정상,,20150928,제주특별자치도 서귀포시 대륜동 1101,제주특별자치도 서귀포시 표본로 136,[샘플]대륜동숙소0751,,11
752,농어촌민박업,03_11_00_P,6500000,SAMPLE-00752,20190619,3,폐업,01,폐업,20230427,20230427,제주특별자치도 서귀포시 남원읍 1227,제주특별자치도 서귀포시 표본로 71,[샘플]남원읍숙소0752,,9
753,농어촌민박업,03_11_00_P,6500000,SAMPLE-00753,20260715,1,영업/정상,01,영업/정상,,20260715,제주특별자치도 제주시 이도이동 1396,제주특별자치도 제주시 표본로 68,[샘플]이도이동숙소0753,,6
754,농어촌민박업,03_11_00_P,6500000,SAMPLE-00754,20240104,1,영업/정상,01,영업/정상,,20240104,제주특별자치도 서귀포시 대정읍 80,제주특별자치도 서귀포시 표본로 156,[샘플]대정읍숙소0754,,3
755,숙박업,03_11_00_P,6500000,SAMPLE-00755,20130521,3,폐업,01,폐업,20170706,20170706,제주특별자치도 서귀포시 남원읍 847,제주특별자치도 서귀포시 표본로 120,[샘플]남원읍숙소0755,,3
756,농어촌민박업,03_11_00_P,6500000,SAMPLE-00756,20200831,1,영업/정상,01,영업/정상,,20200831,제주특별자치도 제주시 일도이동 272,제주특별자치도 제주시 표본로 198,[샘플]일도이동숙소0756,,5
757,숙박업,03_11_00_P,6500000,SAMPLE-00757,20160906,1,영업/정상,01,영업/정상,,20160906,제주특별자치도 서귀포시 남원읍 1235,제주특별자치도 서귀포시 표본로 235,[샘플]남원읍숙소0757,,4
758,농어촌민박업,03_11_00_P,6500000,SAMPLE-00758,20121223,1,영업/정상,01,영업/정상,,20121223,제주특별자치도 제주시 일도이동 1285,제주특별자치도 제주시 표본로 121,[샘플]일도이동숙소0758,,9
759,농어촌민박업,03_11_00_P,6500000,SAMPLE-00759,20241118,1,영업/정상,01,영업/정상,,20241118,제주특별자치도 제주시 노형동 142,제주특별자치도 제주시 표본로 77,[샘플]노형동숙소0759,,5
760,농어촌민박업,03_11_00_P,6500000,SAMPLE-00760,20230201,1,영업/정상,01,영업/정상,,20230201,제주특별자치도 제주시 한림읍 1224,제주특별자치도 제주시 표본로 16,[샘플]한림읍숙소0760,,9
761,농어촌민박업,03_11_00_P,6500000,SAMPLE-00761,20230113,3,폐업,01,폐업,20260330,20260330,제주특별자치도 서귀포시 대정읍 478,제주특별자치도 서귀포시 표본로 280,[샘플]대정읍숙소0761,,3
762,농어촌민박업,03_11_00_P,6500000,SAMPLE-00762,20111104,1,영업/정상,01,영업/정상,,20111104,제주특별자치도 서귀포시 중문동 414,제주특별자치도 서귀포시 표본로 234,[샘플]중문동숙소0762,,9
763,농어촌민박업,03_11_00_P,6500000,SAMPLE-00763,20180622,1,영업/정상,01,영업/정상,,20180622,제주특별자치도 제주시 노형동 1036,제주특별자치도 제주시 표본로 270,[샘플]노형동숙소0763,,9
764,숙박업,03_11_00_P,6500000,SAMPLE-00764,20191029,3,폐업,01,폐업,20240407,20240407,제주특별자치도 제주시 삼양동 210,제주특별자치도 제주시 표본로 108,[샘플]삼양동숙소0764,,10
765,농어촌민박업,03_11_00_P,6500000,SAMPLE-00765,20251025,1,영업/정상,01,영업/정상,,20251025,제주특별자치도 서귀포시 표선면 9,제주특별자치도 서귀포시 표본로 282,[샘플]표선면숙소0765,,3
766,농어촌민박업,03_11_00_P,6500000,SAMPLE-00766,20151012,1,영업/정상,01,영업/정상,,20151012,제주특별자치도 제주시 노형동 1970,제주특별자치도 제주시 표본로 251,[샘플]노형동숙소0766,,6
767,농어촌민박업,03_11_00_P,6500000,SAMPLE-00767,20201209,3,폐업,01,폐업,20220506,20220506,제주특별자치도 서귀포시 남원읍 1940,제주특별자치도 서귀포시 표본로 83,[샘플]남원읍숙소0767,,10
768,농어촌민박업,03_11_00_P,6500000,SAMPLE-00768,20210801,1,영업/정상,01,영업/정상,,20210801,제주특별자치도 제주시 한림읍 1712,제주특별자치도 제주시 표본로 121,[샘플]한림읍숙소0768,,7
769,농어촌민박업,03_11_00_P,6500000,SAMPLE-00769,20211120,1,영업/정상,01,영업/정상,,20211120,제주특별자치도 서귀포시 안덕면 1562,제주특별자치도 서귀포시 표본로 65,[샘플]안덕면숙소0769,,5
770,농어촌민박업,03_11_00_P,6500000,SAMPLE-00770,20220327,1,영업/정상,01,영업/정상,,20220327,제주특별자치도 제주시 조천읍 1366,제주특별자치도 제주시 표본로 127,[샘플]조천읍숙소0770,,11
771,농어촌민박업,03_11_00_P,6500000,SAMPLE-00771,20131206,3,폐업,01,폐업,20211023,20211023,제주특별자치도 제주시 삼양동 136,제주특별자치도 제주시 표본로 179,[샘플]삼양동숙소0771,,7
772,농어촌민박업,03_11_00_P,6500000,SAMPLE-00772,20200807,1,영업/정상,01,영업/정상,,20200807,제주특별자치도 제주시 구좌읍 344,제주특별자치도 제주시 표본로 157,[샘플]구좌읍숙소0772,,11
773,농어촌민박업,03_11_00_P,6500000,SAMPLE-00773,20180815,1,영업/정상,01,영업/정상,,20180815,제주특별자치도 서귀포시 성산읍 1010,제주특별자치도 서귀포시 표본로 290,[샘플]성산읍숙소0773,,10
774,농어촌민박업,03_11_00_P,6500000,SAMPLE-00774,20210305,1,영업/정상,01,영업/정상,,20210305,제주특별자치도 서귀포시 남원읍 1849,제주특별자치도 서귀포시 표본로 42,[샘플]남원읍숙소0774,,2
775,관광숙박업,03_11_00_P,6500000,SAMPLE-00775,20190312,1,영업/정상,01,영업/정상,,20190312,제주특별자치도 제주시 구좌읍 206,제주특별자치도 제주시 표본로 133,[샘플]구좌읍숙소0775,,12
776,농어촌민박업,03_11_00_P,6500000,SAMPLE-00776,20200918,1,영업/정상,01,영업/정상,,20200918,제주특별자치도 제주시 조천읍 1362,제주특별자치도 제주시 표본로 51,[샘플]조천읍숙소0776,,2
777,농어촌민박업,03_11_00_P,6500000,SAMPLE-00777,20240326,1,영업/정상,01,영업/정상,,20240326,제주특별자치도 서귀포시 서홍동 1236,제주특별자치도 서귀포시 표본로 148,[샘플]서홍동숙소0777,,11
778,숙박업,03_11_00_P,6500000,SAMPLE-00778,20190315,1,영업/정상,01,영업/정상,,20190315,제주특별자치도 제주시 애월읍 1678,제주특별자치도 제주시 표본로 277,[샘플]애월읍숙소0778,,3
779,관광숙박업,03_11_00_P,6500000,SAMPLE-00779,20141229,1,영업/정상,01,영업/정상,,20141229,제주특별자치도 제주시 일도이동 505,제주특별자치도 제주시 표본로 54,[샘플]일도이동숙소0779,,6
780,관광숙박업,03_11_00_P,6500000,SAMPLE-00780,20160225,3,폐업,01,폐업,20200801,20200801,제주특별자치도 제주시 구좌읍 980,제주특별자치도 제주시 표본로 105,[샘플]구좌읍숙소0780,,6
781,농어촌민박업,03_11_00_P,6500000,SAMPLE-00781,20230807,1,영업/정상,01,영업/정상,,20230807,제주특별자치도 제주시 일도이동 493,제주특별자치도 제주시 표본로 253,[샘플]일도이동숙소0781,,2
782,농어촌민박업,03_11_00_P,6500000,SAMPLE-00782,20210917,1,영업/정상,01,영업/정상,,20210917,제주특별자치도 서귀포시 남원읍 1545,제주특별자치도 서귀포시 표본로 256,[샘플]남원읍숙소0782,,12
783,숙박업,03_11_00_P,6500000,SAMPLE-00783,20170711,3,폐업,01,폐업,20191015,20191015,제주특별자치도 서귀포시 성산읍 13,제주특별자치도 서귀포시 표본로 51,[샘플]성산읍숙소0783,,10
784,숙박업,03_11_00_P,6500000,SAMPLE-00784,20140304,3,폐업,01,폐업,20160720,20160720,제주특별자치도 제주시 한경면 738,제주특별자치도 제주시 표본로 13,[샘플]한경면숙소0784,,10
785,숙박업,03_11_00_P,6500000,SAMPLE-00785,20220308,3,폐업,01,폐업,20250814,20250814,제주특별자치도 제주시 한림읍 293,제주특별자치도 제주시 표본로 116,[샘플]한림읍숙소0785,,9
786,숙박업,03_11_00_P,6500000,SAMPLE-00786,20230214,1,영업/정상,01,영업/정상,,20230214,제주특별자치도 서귀포시 서홍동 1345,제주특별자치도 서귀포시 표본로 248,[샘플]서홍동숙소0786,,5
787,농어촌민박업,03_11_00_P,6500000,SAMPLE-00787,20231220,1,영업/정상,01,영업/정상,,20231220,제주특별자치도 서귀포시 대륜동 1610,제주특별자치도 서귀포시 표본로 70,[샘플]대륜동숙소0787,,4
788,숙박업,03_11_00_P,6500000,SAMPLE-00788,20210119,1,영업/정상,01,영업/정상,,20210119,제주특별자치도 서귀포시 동홍동 294,제주특별자치도 서귀포시 표본로 188,[샘플]동홍동숙소0788,,4
789,농어촌민박업,03_11_00_P,6500000,SAMPLE-00789,20230306,3,폐업,01,폐업,20250214,20250214,제주특별자치도 제주시 연동 1581,제주특별자치도 제주시 표본로 22,[샘플]연동숙소0789,,3
790,농어촌민박업,03_11_00_P,6500000,SAMPLE-00790,20170206,3,폐업,01,폐업,20170909,20170909,제주특별자치도 제주시 노형동 21,제주특별자치도 제주시 표본로 205,[샘플]노형동숙소0790,,7
791,숙박업,03_11_00_P,6500000,SAMPLE-00791,20171031,3,폐업,01,폐업,20260130,20260130,제주특별자치도 서귀포시 안덕면 280,제주특별자치도 서귀포시 표본로 287,[샘플]안덕면숙소0791,,7
792,농어촌민박업,03_11_00_P,6500000,SAMPLE-00792,20230305,1,영업/정상,01,영업/정상,,20230305,제주특별자치도 제주시 노형동 1536,제주특별자치도 제주시 표본로 278,[샘플]노형동숙소0792,,9
793,숙박업,03_11_00_P,6500000,SAMPLE-00793,20130201,1,영업/정상,01,영업/정상,,20130201,제주특별자치도 서귀포시 동홍동 1856,제주특별자치도 서귀포시 표본로 139,[샘플]동홍동숙소0793,,5
794,숙박업,03_11_00_P,6500000,SAMPLE-00794,20210514,1,영업/정상,01,영업/정상,,20210514,제주특별자치도 제주시 일도이동 63,제주특별자치도 제주시 표본로 54,[샘플]일도이동숙소0794,,1
795,농어촌민박업,03_11_00_P,6500000,SAMPLE-00795,20240917,1,영업/정상,01,영업/정상,,20240917,제주특별자치도 서귀포시 성산읍 91,제주특별자치도 서귀포시 표본로 277,[샘플]성산읍숙소0795,,8
796,농어촌민박업,03_11_00_P,6500000,SAMPLE-00796,20230710,3,폐업,01,폐업,20250228,20250228,제주특별자치도 서귀포시 남원읍 818,제주특별자치도 서귀포시 표본로 196,[샘플]남원읍숙소0796,,6
797,관광숙박업,03_11_00_P,6500000,SAMPLE-00797,20260715,1,영업/정상,01,영업/정상,,20260715,제주특별자치도 제주시 구좌읍 499,제주특별자치도 제주시 표본로 101,[샘플]구좌읍숙소0797,,6
798,숙박업,03_11_00_P,6500000,SAMPLE-00798,20220206,3,폐업,01,폐업,20230102,20230102,제주특별자치도 제주시 노형동 61,제주특별자치도 제주시 표본로 268,[샘플]노형동숙소0798,,3
799,농어촌민박업,03_11_00_P,6500000,SAMPLE-00799,20120920,3,폐업,01,폐업,20170318,20170318,제주특별자치도 서귀포시 중문동 1029,제주특별자치도 서귀포시 표본로 277,[샘플]중문동숙소0799,,2
800,농어촌민박업,03_11_00_P,6500000,SAMPLE-00800,20170922,1,영업/정상,01,영업/정상,,20170922,제주특별자치도 서귀포시 대정읍 130,제주특별자치도 서귀포시 표본로 69,[샘플]대정읍숙소0800,,10
801,농어촌민박업,03_11_00_P,6500000,SAMPLE-00801,20250807,1,영업/정상,01,영업/정상,,20250807,제주특별자치도 제주시 연동 1559,제주특별자치도 제주시 표본로 110,[샘플]연동숙소0801,,5
802,관광숙박업,03_11_00_P,6500000,SAMPLE-00802,20160127,1,영업/정상,01,영업/정상,,20160127,제주특별자치도 제주시 한림읍 1366,제주특별자치도 제주시 표본로 138,[샘플]한림읍숙소0802,,4
803,숙박업,03_11_00_P,6500000,SAMPLE-00803,20171216,3,폐업,01,폐업,20200512,20200512,제주특별자치도 서귀포시 대정읍 758,제주특별자치도 서귀포시 표본로 36,[샘플]대정읍숙소0803,,6
804,농어촌민박업,03_11_00_P,6500000,SAMPLE-00804,20121010,3,폐업,01,폐업,20140430,20140430,제주특별자치도 서귀포시 중문동 1275,제주특별자치도 서귀포시 표본로 258,[샘플]중문동숙소0804,,5
805,숙박업,03_11_00_P,6500000,SAMPLE-00805,20150930,1,영업/정상,01,영업/정상,,20150930,제주특별자치도 서귀포시 대정읍 1458,제주특별자치도 서귀포시 표본로 160,[샘플]대정읍숙소0805,,7
806,숙박업,03_11_00_P,6500000,SAMPLE-00806,20240911,1,영업/정상,01,영업/정상,,20240911,제주특별자치도 제주시 애월읍 1284,제주특별자치도 제주시 표본로 242,[샘플]애월읍숙소0806,,8
807,숙박업,03_11_00_P,6500000,SAMPLE-00807,20220620,1,영업/정상,01,영업/정상,,20220620,제주특별자치도 제주시 일도이동 547,제주특별자치도 제주시 표본로 80,[샘플]일도이동숙소0807,,6
808,농어촌민박업,03_11_00_P,6500000,SAMPLE-00808,20240228,3,영업/정상,01,휴업,,20240228,제주특별자치도 제주시 애월읍 641,제주특별자치도 제주시 표본로 176,[샘플]애월읍숙소0808,,8
809,농어촌민박업,03_11_00_P,6500000,SAMPLE-00809,20200719,1,영업/정상,01,영업/정상,,20200719,제주특별자치도 서귀포시 남원읍 1159,제주특별자치도 서귀포시 표본로 144,[샘플]남원읍숙소0809,,6
810,농어촌민박업,03_11_00_P,6500000,SAMPLE-00810,20220812,1,영업/정상,01,영업/정상,,20220812,제주특별자치도 제주시 연동 1621,제주특별자치도 제주시 표본로 79,[샘플]연동숙소0810,,12
811,숙박업,03_11_00_P,6500000,SAMPLE-00811,20251127,1,영업/정상,01,영업/정상,,20251127,제주특별자치도 서귀포시 대륜동 502,제주특별자치도 서귀포시 표본로 197,[샘플]대륜동숙소0811,,8
812,숙박업,03_11_00_P,6500000,SAMPLE-00812,20201207,1,영업/정상,01,영업/정상,,20201207,제주특별자치도 제주시 일도이동 196,제주특별자치도 제주시 표본로 100,[샘플]일도이동숙소0812,,9
813,농어촌민박업,03_11_00_P,6500000,SAMPLE-00813,20120728,3,폐업,01,폐업,20210227,20210227,제주특별자치도 서귀포시 대정읍 117,제주특별자치도 서귀포시 표본로 74,[샘플]대정읍숙소0813,,8
814,농어촌민박업,03_11_00_P,6500000,SAMPLE-00814,20200610,3,폐업,01,폐업,20220201,20220201,제주특별자치도 제주시 구좌읍 363,제주특별자치도 제주시 표본로 238,[샘플]구좌읍숙소0814,,9
815,농어촌민박업,03_11_00_P,6500000,SAMPLE-00815,20160517,1,영업/정상,01,영업/정상,,20160517,제주특별자치도 제주시 이도이동 1750,제주특별자치도 제주시 표본로 244,[샘플]이도이동숙소0815,,2
816,농어촌민박업,03_11_00_P,6500000,SAMPLE-00816,20180807,1,영업/정상,01,영업/정상,,20180807,제주특별자치도 제주시 한경면 254,제주특별자치도 제주시 표본로 171,[샘플]한경면숙소0816,,5
817,숙박업,03_11_00_P,6500000,SAMPLE-00817,20150605,3,폐업,01,폐업,20231229,20231229,제주특별자치도 제주시 애월읍 913,제주특별자치도 제주시 표본로 128,[샘플]애월읍숙소0817,,8
818,농어촌민박업,03_11_00_P,6500000,SAMPLE-00818,20170114,3,폐업,01,폐업,20220826,20220826,제주특별자치도 제주시 연동 959,제주특별자치도 제주시 표본로 58,[샘플]연동숙소0818,,1
819,숙박업,03_11_00_P,6500000,SAMPLE-00819,20240629,1,영업/정상,01,영업/정상,,20240629,제주특별자치도 제주시 한경면 1343,제주특별자치도 제주시 표본로 266,[샘플]한경면숙소0819,,3
820,농어촌민박업,03_11_00_P,6500000,SAMPLE-00820,20230722,1,영업/정상,01,영업/정상,,20230722,제주특별자치도 제주시 일도이동 734,제주특별자치도 제주시 표본로 195,[샘플]일도이동숙소0820,,2
821,농어촌민박업,03_11_00_P,6500000,SAMPLE-00821,20231225,1,영업/정상,01,영업/정상,,20231225,제주특별자치도 제주시 한림읍 1890,제주특별자치도 제주시 표본로 282,[샘플]한림읍숙소0821,,5
822,숙박업,03_11_00_P,6500000,SAMPLE-00822,20141010,3,폐업,01,폐업,20180313,20180313,제주특별자치도 서귀포시 표선면 102,제주특별자치도 서귀포시 표본로 170,[샘플]표선면숙소0822,,12
823,농어촌민박업,03_11_00_P,6500000,SAMPLE-00823,20131112,1,영업/정상,01,영업/정상,,20131112,제주특별자치도 서귀포시 대정읍 1953,제주특별자치도 서귀포시 표본로 26,[샘플]대정읍숙소0823,,11
824,농어촌민박업,03_11_00_P,6500000,SAMPLE-00824,20180709,3,폐업,01,폐업,20220917,20220917,제주특별자치도 제주시 한경면 227,제주특별자치도 제주시 표본로 136,[샘플]한경면숙소0824,,11
825,농어촌민박업,03_11_00_P,6500000,SAMPLE-00825,20160321,3,폐업,01,폐업,20191122,20191122,제주특별자치도 제주시 일도이동 436,제주특별자치도 제주시 표본로 93,[샘플]일도이동숙소0825,,7
826,농어촌민박업,03_11_00_P,6500000,SAMPLE-00826,20250821,1,영업/정상,01,영업/정상,,20250821,제주특별자치도 서귀포시 중문동 1588,제주특별자치도 서귀포시 표본로 59,[샘플]중문동숙소0826,,2
827,농어촌민박업,03_11_00_P,6500000,SAMPLE-00827,20251015,1,영업/정상,01,영업/정상,,20251015,제주특별자치도 제주시 구좌읍 937,제주특별자치도 제주시 표본로 203,[샘플]구좌읍숙소0827,,11
828,농어촌민박업,03_11_00_P,6500000,SAMPLE-00828,20201012,1,영업/정상,01,영업/정상,,20201012,제주특별자치도 제주시 삼양동 816,제주특별자치도 제주시 표본로 261,[샘플]삼양동숙소0828,,4
829,농어촌민박업,03_11_00_P,6500000,SAMPLE-00829,20170718,3,폐업,01,폐업,20210913,20210913,제주특별자치도 서귀포시 동홍동 10,제주특별자치도 서귀포시 표본로 81,[샘플]동홍동숙소0829,,8
830,농어촌민박업,03_11_00_P,6500000,SAMPLE-00830,20220924,1,영업/정상,01,영업/정상,,20220924,제주특별자치도 제주시 삼양동 925,제주특별자치도 제주시 표본로 15,[샘플]삼양동숙소0830,,10
831,농어촌민박업,03_11_00_P,6500000,SAMPLE-00831,20230612,3,폐업,01,폐업,20260704,20260704,제주특별자치도 서귀포시 남원읍 1160,제주특별자치도 서귀포시 표본로 53,[샘플]남원읍숙소0831,,4
832,농어촌민박업,03_11_00_P,6500000,SAMPLE-00832,20260410,1,영업/정상,01,영업/정상,,20260410,제주특별자치도 서귀포시 대정읍 441,제주특별자치도 서귀포시 표본로 110,[샘플]대정읍숙소0832,,6
833,숙박업,03_11_00_P,6500000,SAMPLE-00833,20170809,1,영업/정상,01,영업/정상,,20170809,제주특별자치도 제주시 삼양동 1869,제주특별자치도 제주시 표본로 115,[샘플]삼양동숙소0833,,8
834,농어촌민박업,03_11_00_P,6500000,SAMPLE-00834,20170613,3,폐업,01,폐업,20250425,20250425,제주특별자치도 서귀포시 성산읍 190,제주특별자치도 서귀포시 표본로 288,[샘플]성산읍숙소0834,,4
835,농어촌민박업,03_11_00_P,6500000,SAMPLE-00835,20220221,1,영업/정상,01,영업/정상,,20220221,제주특별자치도 제주시 연동 1495,제주특별자치도 제주시 표본로 62,[샘플]연동숙소0835,,2
836,관광숙박업,03_11_00_P,6500000,SAMPLE-00836,20250609,1,영업/정상,01,영업/정상,,20250609,제주특별자치도 서귀포시 대정읍 562,제주특별자치도 서귀포시 표본로 60,[샘플]대정읍숙소0836,,7
837,숙박업,03_11_00_P,6500000,SAMPLE-00837,20251207,1,영업/정상,01,영업/정상,,20251207,제주특별자치도 서귀포시 성산읍 1090,제주특별자치도 서귀포시 표본로 290,[샘플]성산읍숙소0837,,4
838,숙박업,03_11_00_P,6500000,SAMPLE-00838,20160920,1,영업/정상,01,영업/정상,,20160920,제주특별자치도 서귀포시 표선면 1850,제주특별자치도 서귀포시 표본로 100,[샘플]표선면숙소0838,,8
839,농어촌민박업,03_11_00_P,6500000,SAMPLE-00839,20231117,1,영업/정상,01,영업/정상,,20231117,제주특별자치도 제주시 노형동 1664,제주특별자치도 제주시 표본로 19,[샘플]노형동숙소0839,,3
840,숙박업,03_11_00_P,6500000,SAMPLE-00840,20241112,1,영업/정상,01,영업/정상,,20241112,제주특별자치도 서귀포시 동홍동 413,제주특별자치도 서귀포시 표본로 69,[샘플]동홍동숙소0840,,8
841,숙박업,03_11_00_P,6500000,SAMPLE-00841,20180524,1,영업/정상,01,영업/정상,,20180524,제주특별자치도 서귀포시 성산읍 928,제주특별자치도 서귀포시 표본로 159,[샘플]성산읍숙소0841,,11
842,숙박업,03_11_00_P,6500000,SAMPLE-00842,20140909,3,폐업,01,폐업,20201225,20201225,제주특별자치도 서귀포시 동홍동 482,제주특별자치도 서귀포시 표본로 158,[샘플]동홍동숙소0842,,2
843,농어촌민박업,03_11_00_P,6500000,SAMPLE-00843,20190329,3,폐업,01,폐업,20211028,20211028,제주특별자치도 제주시 노형동 1369,제주특별자치도 제주시 표본로 202,[샘플]노형동숙소0843,,8
844,농어촌민박업,03_11_00_P,6500000,SAMPLE-00844,20160903,3,폐업,01,폐업,20210205,20210205,제주특별자치도 제주시 한림읍 1992,제주특별자치도 제주시 표본로 297,[샘플]한림읍숙소0844,,8
845,숙박업,03_11_00_P,6500000,SAMPLE-00845,20211112,1,영업/정상,01,영업/정상,,20211112,제주특별자치도 제주시 노형동 428,제주특별자치도 제주시 표본로 131,[샘플]노형동숙소0845,,12
846,숙박업,03_11_00_P,6500000,SAMPLE-00846,20231014,1,영업/정상,01,영업/정상,,20231014,제주특별자치도 서귀포시 중문동 508,제주특별자치도 서귀포시 표본로 239,[샘플]중문동숙소0846,,1
847,농어촌민박업,03_11_00_P,6500000,SAMPLE-00847,20250913,1,영업/정상,01,영업/정상,,20250913,제주특별자치도 제주시 이도이동 1024,제주특별자치도 제주시 표본로 128,[샘플]이도이동숙소0847,,10
848,농어촌민박업,03_11_00_P,6500000,SAMPLE-00848,20230319,1,영업/정상,01,영업/정상,,20230319,제주특별자치도 서귀포시 대륜동 730,제주특별자치도 서귀포시 표본로 282,[샘플]대륜동숙소0848,,1
849,숙박업,03_11_00_P,6500000,SAMPLE-00849,20231115,1,영업/정상,01,영업/정상,,20231115,제주특별자치도 서귀포시 안덕면 265,제주특별자치도 서귀포시 표본로 195,[샘플]안덕면숙소0849,,9
850,숙박업,03_11_00_P,6500000,SAMPLE-00850,20240305,1,영업/정상,01,영업/정상,,20240305,제주특별자치도 서귀포시 표선면 850,제주특별자치도 서귀포시 표본로 87,[샘플]표선면숙소0850,,10
851,숙박업,03_11_00_P,6500000,SAMPLE-00851,20250804,1,영업/정상,01,영업/정상,,20250804,제주특별자치도 제주시 한경면 542,제주특별자치도 제주시 표본로 126,[샘플]한경면숙소0851,,5
852,숙박업,03_11_00_P,6500000,SAMPLE-00852,20200112,1,영업/정상,01,영업/정상,,20200112,제주특별자치도 서귀포시 대륜동 1580,제주특별자치도 서귀포시 표본로 140,[샘플]대륜동숙소0852,,11
853,농어촌민박업,03_11_00_P,6500000,SAMPLE-00853,20221023,1,영업/정상,01,영업/정상,,20221023,제주특별자치도 서귀포시 동홍동 34,제주특별자치도 서귀포시 표본로 278,[샘플]동홍동숙소0853,,10
854,숙박업,03_11_00_P,6500000,SAMPLE-00854,20230828,1,영업/정상,01,영업/정상,,20230828,제주특별자치도 서귀포시 남원읍 916,제주특별자치도 서귀포시 표본로 118,[샘플]남원읍숙소0854,,11
855,농어촌민박업,03_11_00_P,6500000,SAMPLE-00855,20251225,1,영업/정상,01,영업/정상,,20251225,제주특별자치도 제주시 애월읍 758,제주특별자치도 제주시 표본로 248,[샘플]애월읍숙소0855,,6
856,농어촌민박업,03_11_00_P,6500000,SAMPLE-00856,20180125,1,영업/정상,01,영업/정상,,20180125,제주특별자치도 제주시 삼양동 661,제주특별자치도 제주시 표본로 92,[샘플]삼양동숙소0856,,4
857,농어촌민박업,03_11_00_P,6500000,SAMPLE-00857,20141228,1,영업/정상,01,영업/정상,,20141228,제주특별자치도 서귀포시 표선면 1009,제주특별자치도 서귀포시 표본로 74,[샘플]표선면숙소0857,,4
858,농어촌민박업,03_11_00_P,6500000,SAMPLE-00858,20141002,3,폐업,01,폐업,20230525,20230525,제주특별자치도 서귀포시 대정읍 1208,제주특별자치도 서귀포시 표본로 149,[샘플]대정읍숙소0858,,9
859,숙박업,03_11_00_P,6500000,SAMPLE-00859,20181031,3,폐업,01,폐업,20210703,20210703,제주특별자치도 서귀포시 동홍동 1884,제주특별자치도 서귀포시 표본로 55,[샘플]동홍동숙소0859,,8
860,농어촌민박업,03_11_00_P,6500000,SAMPLE-00860,20251129,1,영업/정상,01,영업/정상,,20251129,제주특별자치도 서귀포시 대정읍 448,제주특별자치도 서귀포시 표본로 113,[샘플]대정읍숙소0860,,8
861,숙박업,03_11_00_P,6500000,SAMPLE-00861,20141023,1,영업/정상,01,영업/정상,,20141023,제주특별자치도 제주시 애월읍 181,제주특별자치도 제주시 표본로 106,[샘플]애월읍숙소0861,,11
862,농어촌민박업,03_11_00_P,6500000,SAMPLE-00862,20230424,1,영업/정상,01,영업/정상,,20230424,제주특별자치도 제주시 이도이동 224,제주특별자치도 제주시 표본로 288,[샘플]이도이동숙소0862,,7
863,농어촌민박업,03_11_00_P,6500000,SAMPLE-00863,20220111,3,폐업,01,폐업,20250214,20250214,제주특별자치도 서귀포시 대륜동 1497,제주특별자치도 서귀포시 표본로 89,[샘플]대륜동숙소0863,,7
864,관광숙박업,03_11_00_P,6500000,SAMPLE-00864,20110401,3,폐업,01,폐업,20111227,20111227,제주특별자치도 제주시 노형동 379,제주특별자치도 제주시 표본로 208,[샘플]노형동숙소0864,,6
865,관광숙박업,03_11_00_P,6500000,SAMPLE-00865,20220602,1,영업/정상,01,영업/정상,,20220602,제주특별자치도 제주시 조천읍 201,제주특별자치도 제주시 표본로 41,[샘플]조천읍숙소0865,,5
866,농어촌민박업,03_11_00_P,6500000,SAMPLE-00866,20170811,1,영업/정상,01,영업/정상,,20170811,제주특별자치도 제주시 연동 223,제주특별자치도 제주시 표본로 15,[샘플]연동숙소0866,,4
867,숙박업,03_11_00_P,6500000,SAMPLE-00867,20190730,1,영업/정상,01,영업/정상,,20190730,제주특별자치도 제주시 연동 1768,제주특별자치도 제주시 표본로 87,[샘플]연동숙소0867,,6
868,숙박업,03_11_00_P,6500000,SAMPLE-00868,20190315,1,영업/정상,01,영업/정상,,20190315,제주특별자치도 제주시 조천읍 1187,제주특별자치도 제주시 표본로 4,[샘플]조천읍숙소0868,,9
869,숙박업,03_11_00_P,6500000,SAMPLE-00869,20200118,3,폐업,01,폐업,20240424,20240424,제주특별자치도 서귀포시 서홍동 1866,제주특별자치도 서귀포시 표본로 56,[샘플]서홍동숙소0869,,11
870,숙박업,03_11_00_P,6500000,SAMPLE-00870,20251203,1,영업/정상,01,영업/정상,,20251203,제주특별자치도 제주시 구좌읍 1878,제주특별자치도 제주시 표본로 197,[샘플]구좌읍숙소0870,,9
871,농어촌민박업,03_11_00_P,6500000,SAMPLE-00871,20211001,1,영업/정상,01,영업/정상,,20211001,제주특별자치도 서귀포시 대륜동 186,제주특별자치도 서귀포시 표본로 2,[샘플]대륜동숙소0871,,8
872,농어촌민박업,03_11_00_P,6500000,SAMPLE-00872,20150422,3,폐업,01,폐업,20231112,20231112,제주특별자치도 제주시 한림읍 1461,제주특별자치도 제주시 표본로 258,[샘플]한림읍숙소0872,,3
873,농어촌민박업,03_11_00_P,6500000,SAMPLE-00873,20131229,1,영업/정상,01,영업/정상,,20131229,제주특별자치도 제주시 한경면 681,제주특별자치도 제주시 표본로 176,[샘플]한경면숙소0873,,6
874,숙박업,03_11_00_P,6500000,SAMPLE-00874,20191025,1,영업/정상,01,영업/정상,,20191025,제주특별자치도 제주시 노형동 1498,제주특별자치도 제주시 표본로 212,[샘플]노형동숙소0874,,2
875,농어촌민박업,03_11_00_P,6500000,SAMPLE-00875,20241108,1,영업/정상,01,영업/정상,,20241108,제주특별자치도 제주시 한경면 750,제주특별자치도 제주시 표본로 174,[샘플]한경면숙소0875,,6
876,숙박업,03_11_00_P,6500000,SAMPLE-00876,20170812,3,폐업,01,폐업,20210829,20210829,제주특별자치도 서귀포시 동홍동 1421,제주특별자치도 서귀포시 표본로 10,[샘플]동홍동숙소0876,,10
877,농어촌민박업,03_11_00_P,6500000,SAMPLE-00877,20191116,1,영업/정상,01,영업/정상,,20191116,제주특별자치도 제주시 일도이동 485,제주특별자치도 제주시 표본로 189,[샘플]일도이동숙소0877,,4
878,농어촌민박업,03_11_00_P,6500000,SAMPLE-00878,20250709,1,영업/정상,01,영업/정상,,20250709,제주특별자치도 서귀포시 중문동 1835,제주특별자치도 서귀포시 표본로 240,[샘플]중문동숙소0878,,9
879,관광숙박업,03_11_00_P,6500000,SAMPLE-00879,20200608,1,영업/정상,01,영업/정상,,20200608,제주특별자치도 서귀포시 표선면 462,제주특별자치도 서귀포시 표본로 151,[샘플]표선면숙소0879,,6
880,농어촌민박업,03_11_00_P,6500000,SAMPLE-00880,20221229,1,영업/정상,01,영업/정상,,20221229,제주특별자치도 제주시 이도이동 1300,제주특별자치도 제주시 표본로 157,[샘플]이도이동숙소0880,,9
881,농어촌민박업,03_11_00_P,6500000,SAMPLE-00881,20211106,1,영업/정상,01,영업/정상,,20211106,제주특별자치도 제주시 연동 1660,제주특별자치도 제주시 표본로 69,[샘플]연동숙소0881,,9
882,농어촌민박업,03_11_00_P,6500000,SAMPLE-00882,20221023,3,폐업,01,폐업,20230613,20230613,제주특별자치도 제주시 한경면 256,제주특별자치도 제주시 표본로 256,[샘플]한경면숙소0882,,1
883,숙박업,03_11_00_P,6500000,SAMPLE-00883,20170921,1,영업/정상,01,영업/정상,,20170921,제주특별자치도 서귀포시 남원읍 239,제주특별자치도 서귀포시 표본로 294,[샘플]남원읍숙소0883,,12
884,숙박업,03_11_00_P,6500000,SAMPLE-00884,20150808,1,영업/정상,01,영업/정상,,20150808,제주특별자치도 제주시 일도이동 465,제주특별자치도 제주시 표본로 177,[샘플]일도이동숙소0884,,10
885,농어촌민박업,03_11_00_P,6500000,SAMPLE-00885,20210314,3,영업/정상,01,휴업,,20210314,제주특별자치도 제주시 한경면 869,제주특별자치도 제주시 표본로 161,[샘플]한경면숙소0885,,5
886,농어촌민박업,03_11_00_P,6500000,SAMPLE-00886,20260810,1,영업/정상,01,영업/정상,,20260810,제주특별자치도 제주시 연동 231,제주특별자치도 제주시 표본로 132,[샘플]연동숙소0886,,10
887,숙박업,03_11_00_P,6500000,SAMPLE-00887,20121106,1,영업/정상,01,영업/정상,,20121106,제주특별자치도 제주시 조천읍 809,제주특별자치도 제주시 표본로 259,[샘플]조천읍숙소0887,,6
888,숙박업,03_11_00_P,6500000,SAMPLE-00888,20110603,3,폐업,01,폐업,20191209,20191209,제주특별자치도 서귀포시 동홍동 211,제주특별자치도 서귀포시 표본로 133,[샘플]동홍동숙소0888,,7
889,농어촌민박업,03_11_00_P,6500000,SAMPLE-00889,20180717,3,폐업,01,폐업,20260707,20260707,제주특별자치도 제주시 구좌읍 21,제주특별자치도 제주시 표본로 96,[샘플]구좌읍숙소0889,,6
890,관광숙박업,03_11_00_P,6500000,SAMPLE-00890,20190505,1,영업/정상,01,영업/정상,,20190505,제주특별자치도 제주시 애월읍 772,제주특별자치도 제주시 표본로 294,[샘플]애월읍숙소0890,,12
891,숙박업,03_11_00_P,6500000,SAMPLE-00891,20260112,1,영업/정상,01,영업/정상,,20260112,제주특별자치도 제주시 연동 1291,제주특별자치도 제주시 표본로 68,[샘플]연동숙소0891,,6
892,숙박업,03_11_00_P,6500000,SAMPLE-00892,20180712,3,폐업,01,폐업,20250911,20250911,제주특별자치도 제주시 애월읍 482,제주특별자치도 제주시 표본로 9,[샘플]애월읍숙소0892,,10
893,농어촌민박업,03_11_00_P,6500000,SAMPLE-00893,20210226,1,영업/정상,01,영업/정상,,20210226,제주특별자치도 서귀포시 남원읍 1571,제주특별자치도 서귀포시 표본로 246,[샘플]남원읍숙소0893,,7
894,관광숙박업,03_11_00_P,6500000,SAMPLE-00894,20220505,3,폐업,01,폐업,20260830,20260830,제주특별자치도 제주시 애월읍 1270,제주특별자치도 제주시 표본로 115,[샘플]애월읍숙소0894,,12
895,숙박업,03_11_00_P,6500000,SAMPLE-00895,20170812,1,영업/정상,01,영업/정상,,20170812,제주특별자치도 서귀포시 동홍동 550,제주특별자치도 서귀포시 표본로 218,[샘플]동홍동숙소0895,,10
896,숙박업,03_11_00_P,6500000,SAMPLE-00896,20230407,1,영업/정상,01,영업/정상,,20230407,제주특별자치도 서귀포시 대정읍 1100,제주특별자치도 서귀포시 표본로 272,[샘플]대정읍숙소0896,,6
897,농어촌민박업,03_11_00_P,6500000,SAMPLE-00897,20170930,1,영업/정상,01,영업/정상,,20170930,제주특별자치도 서귀포시 성산읍 1578,제주특별자치도 서귀포시 표본로 127,[샘플]성산읍숙소0897,,12
898,농어촌민박업,03_11_00_P,6500000,SAMPLE-00898,20230322,1,영업/정상,01,영업/정상,,20230322,제주특별자치도 서귀포시 안덕면 468,제주특별자치도 서귀포시 표본로 163,[샘플]안덕면숙소0898,,3
899,농어촌민박업,03_11_00_P,6500000,SAMPLE-00899,20160915,3,폐업,01,폐업,20250618,20250618,제주특별자치도 제주시 조천읍 1503,제주특별자치도 제주시 표본로 226,[샘플]조천읍숙소0899,,6
900,농어촌민박업,03_11_00_P,6500000,SAMPLE-00900,20160504,1,영업/정상,01,영업/정상,,20160504,제주특별자치도 서귀포시 표선면 632,제주특별자치도 서귀포시 표본로 17,[샘플]표선면숙소0900,,3
901,농어촌민박업,03_11_00_P,6500000,SAMPLE-00901,20250719,1,영업/정상,01,영업/정상,,20250719,제주특별자치도 제주시 한림읍 1367,제주특별자치도 제주시 표본로 17,[샘플]한림읍숙소0901,,8
902,숙박업,03_11_00_P,6500000,SAMPLE-00902,20230612,1,영업/정상,01,영업/정상,,20230612,제주특별자치도 서귀포시 표선면 1966,제주특별자치도 서귀포시 표본로 268,[샘플]표선면숙소0902,,5
903,숙박업,03_11_00_P,6500000,SAMPLE-00903,20221016,1,영업/정상,01,영업/정상,,20221016,제주특별자치도 제주시 일도이동 743,제주특별자치도 제주시 표본로 16,[샘플]일도이동숙소0903,,6
904,농어촌민박업,03_11_00_P,6500000,SAMPLE-00904,20220313,1,영업/정상,01,영업/정상,,20220313,제주특별자치도 제주시 일도이동 1085,제주특별자치도 제주시 표본로 257,[샘플]일도이동숙소0904,,2
905,농어촌민박업,03_11_00_P,6500000,SAMPLE-00905,20110522,1,영업/정상,01,영업/정상,,20110522,제주특별자치도 서귀포시 대륜동 244,제주특별자치도 서귀포시 표본로 119,[샘플]대륜동숙소0905,,10
906,농어촌민박업,03_11_00_P,6500000,SAMPLE-00906,20141006,1,영업/정상,01,영업/정상,,20141006,제주특별자치도 서귀포시 남원읍 1229,제주특별자치도 서귀포시 표본로 184,[샘플]남원읍숙소0906,,10
907,농어촌민박업,03_11_00_P,6500000,SAMPLE-00907,20160118,1,영업/정상,01,영업/정상,,20160118,제주특별자치도 제주시 일도이동 211,제주특별자치도 제주시 표본로 202,[샘플]일도이동숙소0907,,8
908,농어촌민박업,03_11_00_P,6500000,SAMPLE-00908,20140526,3,폐업,01,폐업,20260714,20260714,제주특별자치도 제주시 연동 1735,제주특별자치도 제주시 표본로 258,[샘플]연동숙소0908,,6
909,농어촌민박업,03_11_00_P,6500000,SAMPLE-00909,20130708,1,영업/정상,01,영업/정상,,20130708,제주특별자치도 제주시 노형동 1438,제주특별자치도 제주시 표본로 275,[샘플]노형동숙소0909,,6
910,농어촌민박업,03_11_00_P,6500000,SAMPLE-00910,20200821,3,폐업,01,폐업,20220521,20220521,제주특별자치도 제주시 일도이동 1545,제주특별자치도 제주시 표본로 136,[샘플]일도이동숙소0910,,10
911,숙박업,03_11_00_P,6500000,SAMPLE-00911,20190306,3,폐업,01,폐업,20201204,20201204,제주특별자치도 서귀포시 대륜동 1497,제주특별자치도 서귀포시 표본로 171,[샘플]대륜동숙소0911,,2
912,농어촌민박업,03_11_00_P,6500000,SAMPLE-00912,20250412,1,영업/정상,01,영업/정상,,20250412,제주특별자치도 서귀포시 동홍동 1512,제주특별자치도 서귀포시 표본로 299,[샘플]동홍동숙소0912,,11
913,농어촌민박업,03_11_00_P,6500000,SAMPLE-00913,20220803,1,영업/정상,01,영업/정상,,20220803,제주특별자치도 서귀포시 서홍동 45,제주특별자치도 서귀포시 표본로 199,[샘플]서홍동숙소0913,,7
914,농어촌민박업,03_11_00_P,6500000,SAMPLE-00914,20260422,1,영업/정상,01,영업/정상,,20260422,제주특별자치도 서귀포시 서홍동 732,제주특별자치도 서귀포시 표본로 207,[샘플]서홍동숙소0914,,5
915,농어촌민박업,03_11_00_P,6500000,SAMPLE-00915,20170615,1,영업/정상,01,영업/정상,,20170615,제주특별자치도 서귀포시 남원읍 1322,제주특별자치도 서귀포시 표본로 299,[샘플]남원읍숙소0915,,10
916,농어촌민박업,03_11_00_P,6500000,SAMPLE-00916,20260323,1,영업/정상,01,영업/정상,,20260323,제주특별자치도 서귀포시 대정읍 909,제주특별자치도 서귀포시 표본로 292,[샘플]대정읍숙소0916,,8
917,농어촌민박업,03_11_00_P,6500000,SAMPLE-00917,20170330,3,폐업,01,폐업,20210518,20210518,제주특별자치도 제주시 한림읍 1188,제주특별자치도 제주시 표본로 144,[샘플]한림읍숙소0917,,6
918,숙박업,03_11_00_P,6500000,SAMPLE-00918,20151112,1,영업/정상,01,영업/정상,,20151112,제주특별자치도 제주시 노형동 1982,제주특별자치도 제주시 표본로 269,[샘플]노형동숙소0918,,5
919,농어촌민박업,03_11_00_P,6500000,SAMPLE-00919,20260723,1,영업/정상,01,영업/정상,,20260723,제주특별자치도 제주시 한경면 1921,제주특별자치도 제주시 표본로 248,[샘플]한경면숙소0919,,11
920,농어촌민박업,03_11_00_P,6500000,SAMPLE-00920,20240203,1,영업/정상,01,영업/정상,,20240203,제주특별자치도 서귀포시 표선면 873,제주특별자치도 서귀포시 표본로 217,[샘플]표선면숙소0920,,9
921,농어촌민박업,03_11_00_P,6500000,SAMPLE-00921,20200114,3,폐업,01,폐업,20241030,20241030,제주특별자치도 서귀포시 서홍동 1217,제주특별자치도 서귀포시 표본로 133,[샘플]서홍동숙소0921,,4
922,숙박업,03_11_00_P,6500000,SAMPLE-00922,20220117,1,영업/정상,01,영업/정상,,20220117,제주특별자치도 서귀포시 남원읍 499,제주특별자치도 서귀포시 표본로 101,[샘플]남원읍숙소0922,,10
923,농어촌민박업,03_11_00_P,6500000,SAMPLE-00923,20130903,3,폐업,01,폐업,20201111,20201111,제주특별자치도 제주시 노형동 1825,제주특별자치도 제주시 표본로 46,[샘플]노형동숙소0923,,7
924,숙박업,03_11_00_P,6500000,SAMPLE-00924,20250130,1,영업/정상,01,영업/정상,,20250130,제주특별자치도 제주시 노형동 803,제주특별자치도 제주시 표본로 20,[샘플]노형동숙소0924,,2
925,농어촌민박업,03_11_00_P,6500000,SAMPLE-00925,20200719,1,영업/정상,01,영업/정상,,20200719,제주특별자치도 제주시 구좌읍 687,제주특별자치도 제주시 표본로 60,[샘플]구좌읍숙소0925,,5
926,농어촌민박업,03_11_00_P,6500000,SAMPLE-00926,20171114,1,영업/정상,01,영업/정상,,20171114,제주특별자치도 서귀포시 서홍동 670,제주특별자치도 서귀포시 표본로 206,[샘플]서홍동숙소0926,,10
927,숙박업,03_11_00_P,6500000,SAMPLE-00927,20201208,1,영업/정상,01,영업/정상,,20201208,제주특별자치도 제주시 구좌읍 1516,제주특별자치도 제주시 표본로 213,[샘플]구좌읍숙소0927,,3
928,숙박업,03_11_00_P,6500000,SAMPLE-00928,20260712,1,영업/정상,01,영업/정상,,20260712,제주특별자치도 서귀포시 동홍동 1476,제주특별자치도 서귀포시 표본로 172,[샘플]동홍동숙소0928,,3
929,농어촌민박업,03_11_00_P,6500000,SAMPLE-00929,20161103,1,영업/정상,01,영업/정상,,20161103,제주특별자치도 서귀포시 대정읍 1220,제주특별자치도 서귀포시 표본로 270,[샘플]대정읍숙소0929,,12
930,농어촌민박업,03_11_00_P,6500000,SAMPLE-00930,20250615,1,영업/정상,01,영업/정상,,20250615,제주특별자치도 서귀포시 대륜동 810,제주특별자치도 서귀포시 표본로 163,[샘플]대륜동숙소0930,,1
931,농어촌민박업,03_11_00_P,6500000,SAMPLE-00931,20231007,1,영업/정상,01,영업/정상,,20231007,제주특별자치도 제주시 일도이동 813,제주특별자치도 제주시 표본로 226,[샘플]일도이동숙소0931,,11
932,관광숙박업,03_11_00_P,6500000,SAMPLE-00932,20171221,3,폐업,01,폐업,20240302,20240302,제주특별자치도 제주시 이도이동 745,제주특별자치도 제주시 표본로 70,[샘플]이도이동숙소0932,,3
933,농어촌민박업,03_11_00_P,6500000,SAMPLE-00933,20171223,3,폐업,01,폐업,20260601,20260601,제주특별자치도 제주시 노형동 1373,제주특별자치도 제주시 표본로 148,[샘플]노형동숙소0933,,2
934,농어촌민박업,03_11_00_P,6500000,SAMPLE-00934,20160222,3,폐업,01,폐업,20191026,20191026,제주특별자치도 서귀포시 대정읍 1265,제주특별자치도 서귀포시 표본로 17,[샘플]대정읍숙소0934,,3
935,농어촌민박업,03_11_00_P,6500000,SAMPLE-00935,20260806,1,영업/정상,01,영업/정상,,20260806,제주특별자치도 서귀포시 남원읍 1763,제주특별자치도 서귀포시 표본로 74,[샘플]남원읍숙소0935,,8
936,농어촌민박업,03_11_00_P,6500000,SAMPLE-00936,20210812,1,영업/정상,01,영업/정상,,20210812,제주특별자치도 서귀포시 안덕면 82,제주특별자치도 서귀포시 표본로 10,[샘플]안덕면숙소0936,,9
937,숙박업,03_11_00_P,6500000,SAMPLE-00937,20191211,3,폐업,01,폐업,20201011,20201011,제주특별자치도 제주시 연동 727,제주특별자치도 제주시 표본로 192,[샘플]연동숙소0937,,7
938,농어촌민박업,03_11_00_P,6500000,SAMPLE-00938,20250505,1,영업/정상,01,영업/정상,,20250505,제주특별자치도 제주시 이도이동 198,제주특별자치도 제주시 표본로 161,[샘플]이도이동숙소0938,,12
939,관광숙박업,03_11_00_P,6500000,SAMPLE-00939,20221122,3,폐업,01,폐업,20240530,20240530,제주특별자치도 제주시 이도이동 1996,제주특별자치도 제주시 표본로 30,[샘플]이도이동숙소0939,,2
940,농어촌민박업,03_11_00_P,6500000,SAMPLE-00940,20240704,1,영업/정상,01,영업/정상,,20240704,제주특별자치도 제주시 삼양동 104,제주특별자치도 제주시 표본로 130,[샘플]삼양동숙소0940,,9
941,농어촌민박업,03_11_00_P,6500000,SAMPLE-00941,20251028,1,영업/정상,01,영업/정상,,20251028,제주특별자치도 서귀포시 중문동 551,제주특별자치도 서귀포시 표본로 71,[샘플]중문동숙소0941,,7
942,농어촌민박업,03_11_00_P,6500000,SAMPLE-00942,20111203,1,영업/정상,01,영업/정상,,20111203,제주특별자치도 제주시 삼양동 105,제주특별자치도 제주시 표본로 25,[샘플]삼양동숙소0942,,7
943,농어촌민박업,03_11_00_P,6500000,SAMPLE-00943,20151031,3,폐업,01,폐업,20170412,20170412,제주특별자치도 서귀포시 안덕면 1129,제주특별자치도 서귀포시 표본로 27,[샘플]안덕면숙소0943,,6
944,숙박업,03_11_00_P,6500000,SAMPLE-00944,20161221,3,폐업,01,폐업,20250802,20250802,제주특별자치도 서귀포시 안덕면 8,제주특별자치도 서귀포시 표본로 228,[샘플]안덕면숙소0944,,4
945,농어촌민박업,03_11_00_P,6500000,SAMPLE-00945,20160810,3,폐업,01,폐업,20210210,20210210,제주특별자치도 서귀포시 안덕면 450,제주특별자치도 서귀포시 표본로 140,[샘플]안덕면숙소0945,,7
946,숙박업,03_11_00_P,6500000,SAMPLE-00946,20131211,1,영업/정상,01,영업/정상,,20131211,제주특별자치도 제주시 조천읍 22,제주특별자치도 제주시 표본로 128,[샘플]조천읍숙소0946,,8
947,농어촌민박업,03_11_00_P,6500000,SAMPLE-00947,20260721,1,영업/정상,01,영업/정상,,20260721,제주특별자치도 제주시 일도이동 1271,제주특별자치도 제주시 표본로 57,[샘플]일도이동숙소0947,,9
948,농어촌민박업,03_11_00_P,6500000,SAMPLE-00948,20240730,1,영업/정상,01,영업/정상,,20240730,제주특별자치도 서귀포시 동홍동 1384,제주특별자치도 서귀포시 표본로 138,[샘플]동홍동숙소0948,,11
949,관광숙박업,03_11_00_P,6500000,SAMPLE-00949,20230426,1,영업/정상,01,영업/정상,,20230426,제주특별자치도 서귀포시 동홍동 913,제주특별자치도 서귀포시 표본로 202,[샘플]동홍동숙소0949,,3
950,관광숙박업,03_11_00_P,6500000,SAMPLE-00950,20181119,1,영업/정상,01,영업/정상,,20181119,제주특별자치도 제주시 한경면 1769,제주특별자치도 제주시 표본로 200,[샘플]한경면숙소0950,,10
951,농어촌민박업,03_11_00_P,6500000,SAMPLE-00951,20240106,3,폐업,01,폐업,20260415,20260415,제주특별자치도 제주시 한림읍 605,제주특별자치도 제주시 표본로 82,[샘플]한림읍숙소0951,,9
952,숙박업,03_11_00_P,6500000,SAMPLE-00952,20140726,3,폐업,01,폐업,20260116,20260116,제주특별자치도 제주시 한림읍 144,제주특별자치도 제주시 표본로 3,[샘플]한림읍숙소0952,,11
953,농어촌민박업,03_11_00_P,6500000,SAMPLE-00953,20130404,3,폐업,01,폐업,20170712,20170712,제주특별자치도 제주시 조천읍 1976,제주특별자치도 제주시 표본로 101,[샘플]조천읍숙소0953,,4
954,농어촌민박업,03_11_00_P,6500000,SAMPLE-00954,20120719,3,폐업,01,폐업,20200726,20200726,제주특별자치도 제주시 일도이동 898,제주특별자치도 제주시 표본로 207,[샘플]일도이동숙소0954,,4
955,농어촌민박업,03_11_00_P,6500000,SAMPLE-00955,20190118,3,폐업,01,폐업,20200520,20200520,제주특별자치도 제주시 노형동 721,제주특별자치도 제주시 표본로 143,[샘플]노형동숙소0955,,2
956,농어촌민박업,03_11_00_P,6500000,SAMPLE-00956,20230225,1,영업/정상,01,영업/정상,,20230225,제주특별자치도 서귀포시 서홍동 1945,제주특별자치도 서귀포시 표본로 19,[샘플]서홍동숙소0956,,9
957,농어촌민박업,03_11_00_P,6500000,SAMPLE-00957,20240219,1,영업/정상,01,영업/정상,,20240219,제주특별자치도 제주시 한림읍 835,제주특별자치도 제주시 표본로 175,[샘플]한림읍숙소0957,,1
958,농어촌민박업,03_11_00_P,6500000,SAMPLE-00958,20151023,3,영업/정상,01,휴업,,20151023,제주특별자치도 서귀포시 안덕면 1818,제주특별자치도 서귀포시 표본로 190,[샘플]안덕면숙소0958,,3
959,관광숙박업,03_11_00_P,6500000,SAMPLE-00959,20180223,3,폐업,01,폐업,20220714,20220714,제주특별자치도 서귀포시 대륜동 1775,제주특별자치도 서귀포시 표본로 113,[샘플]대륜동숙소0959,,10
960,농어촌민박업,03_11_00_P,6500000,SAMPLE-00960,20180328,3,폐업,01,폐업,20220617,20220617,제주특별자치도 제주시 구좌읍 1434,제주특별자치도 제주시 표본로 144,[샘플]구좌읍숙소0960,,7
961,숙박업,03_11_00_P,6500000,SAMPLE-00961,20191104,3,폐업,01,폐업,20230204,20230204,제주특별자치도 제주시 한림읍 1611,제주특별자치도 제주시 표본로 123,[샘플]한림읍숙소0961,,4
962,농어촌민박업,03_11_00_P,6500000,SAMPLE-00962,20151126,3,폐업,01,폐업,20251125,20251125,제주특별자치도 제주시 한림읍 145,제주특별자치도 제주시 표본로 15,[샘플]한림읍숙소0962,,3
963,농어촌민박업,03_11_00_P,6500000,SAMPLE-00963,20180119,1,영업/정상,01,영업/정상,,20180119,제주특별자치도 서귀포시 남원읍 731,제주특별자치도 서귀포시 표본로 200,[샘플]남원읍숙소0963,,11
964,농어촌민박업,03_11_00_P,6500000,SAMPLE-00964,20230227,1,영업/정상,01,영업/정상,,20230227,제주특별자치도 제주시 이도이동 1784,제주특별자치도 제주시 표본로 131,[샘플]이도이동숙소0964,,11
965,농어촌민박업,03_11_00_P,6500000,SAMPLE-00965,20240525,1,영업/정상,01,영업/정상,,20240525,제주특별자치도 제주시 한림읍 1726,제주특별자치도 제주시 표본로 72,[샘플]한림읍숙소0965,,10
966,농어촌민박업,03_11_00_P,6500000,SAMPLE-00966,20230914,1,영업/정상,01,영업/정상,,20230914,제주특별자치도 제주시 한경면 1438,제주특별자치도 제주시 표본로 28,[샘플]한경면숙소0966,,7
967,관광숙박업,03_11_00_P,6500000,SAMPLE-00967,20170511,1,영업/정상,01,영업/정상,,20170511,제주특별자치도 서귀포시 대륜동 815,제주특별자치도 서귀포시 표본로 166,[샘플]대륜동숙소0967,,4
968,농어촌민박업,03_11_00_P,6500000,SAMPLE-00968,20210408,3,폐업,01,폐업,20240919,20240919,제주특별자치도 제주시 구좌읍 1666,제주특별자치도 제주시 표본로 277,[샘플]구좌읍숙소0968,,2
969,관광숙박업,03_11_00_P,6500000,SAMPLE-00969,20141123,1,영업/정상,01,영업/정상,,20141123,제주특별자치도 서귀포시 표선면 1013,제주특별자치도 서귀포시 표본로 11,[샘플]표선면숙소0969,,12
970,농어촌민박업,03_11_00_P,6500000,SAMPLE-00970,20140807,1,영업/정상,01,영업/정상,,20140807,제주특별자치도 제주시 연동 322,제주특별자치도 제주시 표본로 270,[샘플]연동숙소0970,,10
971,농어촌민박업,03_11_00_P,6500000,SAMPLE-00971,20210731,1,영업/정상,01,영업/정상,,20210731,제주특별자치도 제주시 이도이동 1557,제주특별자치도 제주시 표본로 34,[샘플]이도이동숙소0971,,7
972,농어촌민박업,03_11_00_P,6500000,SAMPLE-00972,20250117,1,영업/정상,01,영업/정상,,20250117,제주특별자치도 제주시 이도이동 373,제주특별자치도 제주시 표본로 171,[샘플]이도이동숙소0972,,5
973,농어촌민박업,03_11_00_P,6500000,SAMPLE-00973,20251204,1,영업/정상,01,영업/정상,,20251204,제주특별자치도 제주시 일도이동 1908,제주특별자치도 제주시 표본로 267,[샘플]일도이동숙소0973,,6
974,농어촌민박업,03_11_00_P,6500000,SAMPLE-00974,20190802,1,영업/정상,01,영업/정상,,20190802,제주특별자치도 제주시 노형동 732,제주특별자치도 제주시 표본로 127,[샘플]노형동숙소0974,,11
975,농어촌민박업,03_11_00_P,6500000,SAMPLE-00975,20171125,1,영업/정상,01,영업/정상,,20171125,제주특별자치도 서귀포시 중문동 1690,제주특별자치도 서귀포시 표본로 109,[샘플]중문동숙소0975,,8
976,농어촌민박업,03_11_00_P,6500000,SAMPLE-00976,20231225,1,영업/정상,01,영업/정상,,20231225,제주특별자치도 서귀포시 남원읍 1435,제주특별자치도 서귀포시 표본로 35,[샘플]남원읍숙소0976,,11
977,농어촌민박업,03_11_00_P,6500000,SAMPLE-00977,20170224,1,영업/정상,01,영업/정상,,20170224,제주특별자치도 제주시 한림읍 1112,제주특별자치도 제주시 표본로 230,[샘플]한림읍숙소0977,,9
978,농어촌민박업,03_11_00_P,6500000,SAMPLE-00978,20240923,1,영업/정상,01,영업/정상,,20240923,제주특별자치도 제주시 애월읍 179,제주특별자치도 제주시 표본로 285,[샘플]애월읍숙소0978,,2
979,농어촌민박업,03_11_00_P,6500000,SAMPLE-00979,20190126,3,폐업,01,폐업,20200518,20200518,제주특별자치도 제주시 연동 499,제주특별자치도 제주시 표본로 174,[샘플]연동숙소0979,,4
980,농어촌민박업,03_11_00_P,6500000,SAMPLE-00980,20161213,1,영업/정상,01,영업/정상,,20161213,제주특별자치도 제주시 연동 1117,제주특별자치도 제주시 표본로 248,[샘플]연동숙소0980,,2
981,농어촌민박업,03_11_00_P,6500000,SAMPLE-00981,20220512,1,영업/정상,01,영업/정상,,20220512,제주특별자치도 서귀포시 대륜동 591,제주특별자치도 서귀포시 표본로 143,[샘플]대륜동숙소0981,,12
982,농어촌민박업,03_11_00_P,6500000,SAMPLE-00982,20230317,1,영업/정상,01,영업/정상,,20230317,제주특별자치도 서귀포시 대정읍 404,제주특별자치도 서귀포시 표본로 150,[샘플]대정읍숙소0982,,1
983,숙박업,03_11_00_P,6500000,SAMPLE-00983,20260128,1,영업/정상,01,영업/정상,,20260128,제주특별자치도 제주시 애월읍 1693,제주특별자치도 제주시 표본로 160,[샘플]애월읍숙소0983,,12
984,농어촌민박업,03_11_00_P,6500000,SAMPLE-00984,20200530,1,영업/정상,01,영업/정상,,20200530,제주특별자치도 제주시 이도이동 1321,제주특별자치도 제주시 표본로 59,[샘플]이도이동숙소0984,,10
985,농어촌민박업,03_11_00_P,6500000,SAMPLE-00985,20200918,1,영업/정상,01,영업/정상,,20200918,제주특별자치도 제주시 구좌읍 274,제주특별자치도 제주시 표본로 253,[샘플]구좌읍숙소0985,,6
986,숙박업,03_11_00_P,6500000,SAMPLE-00986,20140817,1,영업/정상,01,영업/정상,,20140817,제주특별자치도 제주시 구좌읍 797,제주특별자치도 제주시 표본로 152,[샘플]구좌읍숙소0986,,4
987,관광숙박업,03_11_00_P,6500000,SAMPLE-00987,20200311,1,영업/정상,01,영업/정상,,20200311,제주특별자치도 제주시 노형동 1034,제주특별자치도 제주시 표본로 195,[샘플]노형동숙소0987,,8
988,숙박업,03_11_00_P,6500000,SAMPLE-00988,20260210,1,영업/정상,01,영업/정상,,20260210,제주특별자치도 제주시 한림읍 1974,제주특별자치도 제주시 표본로 72,[샘플]한림읍숙소0988,,11
989,농어촌민박업,03_11_00_P,6500000,SAMPLE-00989,20210809,1,영업/정상,01,영업/정상,,20210809,제주특별자치도 서귀포시 중문동 34,제주특별자치도 서귀포시 표본로 134,[샘플]중문동숙소0989,,4
990,농어촌민박업,03_11_00_P,6500000,SAMPLE-00990,20160528,3,폐업,01,폐업,20251126,20251126,제주특별자치도 서귀포시 안덕면 1790,제주특별자치도 서귀포시 표본로 201,[샘플]안덕면숙소0990,,1
991,농어촌민박업,03_11_00_P,6500000,SAMPLE-00991,20190918,1,영업/정상,01,영업/정상,,20190918,제주특별자치도 제주시 연동 971,제주특별자치도 제주시 표본로 208,[샘플]연동숙소0991,,4
992,농어촌민박업,03_11_00_P,6500000,SAMPLE-00992,20210205,3,폐업,01,폐업,20260201,20260201,제주특별자치도 서귀포시 남원읍 414,제주특별자치도 서귀포시 표본로 190,[샘플]남원읍숙소0992,,3
993,숙박업,03_11_00_P,6500000,SAMPLE-00993,20240508,3,폐업,01,폐업,20251112,20251112,제주특별자치도 서귀포시 남원읍 759,제주특별자치도 서귀포시 표본로 33,[샘플]남원읍숙소0993,,4
994,숙박업,03_11_00_P,6500000,SAMPLE-00994,20230408,3,폐업,01,폐업,20250709,20250709,제주특별자치도 서귀포시 중문동 99,제주특별자치도 서귀포시 표본로 122,[샘플]중문동숙소0994,,10
995,숙박업,03_11_00_P,6500000,SAMPLE-00995,20151010,3,폐업,01,폐업,20231207,20231207,제주특별자치도 제주시 이도이동 1595,제주특별자치도 제주시 표본로 253,[샘플]이도이동숙소0995,,10
996,숙박업,03_11_00_P,6500000,SAMPLE-00996,20190102,1,영업/정상,01,영업/정상,,20190102,제주특별자치도 서귀포시 성산읍 1219,제주특별자치도 서귀포시 표본로 104,[샘플]성산읍숙소0996,,7
997,농어촌민박업,03_11_00_P,6500000,SAMPLE-00997,20210228,3,폐업,01,폐업,20260427,20260427,제주특별자치도 서귀포시 성산읍 460,제주특별자치도 서귀포시 표본로 131,[샘플]성산읍숙소0997,,4
998,숙박업,03_11_00_P,6500000,SAMPLE-00998,20240802,1,영업/정상,01,영업/정상,,20240802,제주특별자치도 제주시 연동 800,제주특별자치도 제주시 표본로 158,[샘플]연동숙소0998,,6
999,숙박업,03_11_00_P,6500000,SAMPLE-00999,20130611,1,영업/정상,01,영업/정상,,20130611,제주특별자치도 서귀포시 성산읍 542,제주특별자치도 서귀포시 표본로 179,[샘플]성산읍숙소0999,,11
1000,숙박업,03_11_00_P,6500000,SAMPLE-01000,20241123,1,영업/정상,01,영업/정상,,20241123,제주특별자치도 제주시 일도이동 32,제주특별자치도 제주시 표본로 263,[샘플]일도이동숙소1000,,8
1001,농어촌민박업,03_11_00_P,6500000,SAMPLE-01001,20231011,1,영업/정상,01,영업/정상,,20231011,제주특별자치도 서귀포시 대정읍 184,제주특별자치도 서귀포시 표본로 211,[샘플]대정읍숙소1001,,11
1002,농어촌민박업,03_11_00_P,6500000,SAMPLE-01002,20160311,1,영업/정상,01,영업/정상,,20160311,제주특별자치도 제주시 삼양동 528,제주특별자치도 제주시 표본로 163,[샘플]삼양동숙소1002,,9
1003,농어촌민박업,03_11_00_P,6500000,SAMPLE-01003,20260418,1,영업/정상,01,영업/정상,,20260418,제주특별자치도 제주시 구좌읍 1952,제주특별자치도 제주시 표본로 102,[샘플]구좌읍숙소1003,,3
1004,숙박업,03_11_00_P,6500000,SAMPLE-01004,20150325,3,폐업,01,폐업,20220423,20220423,제주특별자치도 제주시 일도이동 742,제주특별자치도 제주시 표본로 240,[샘플]일도이동숙소1004,,1
1005,숙박업,03_11_00_P,6500000,SAMPLE-01005,20150812,3,폐업,01,폐업,20170503,20170503,제주특별자치도 제주시 일도이동 1551,제주특별자치도 제주시 표본로 37,[샘플]일도이동숙소1005,,11
1006,농어촌민박업,03_11_00_P,6500000,SAMPLE-01006,20171115,3,폐업,01,폐업,20240414,20240414,제주특별자치도 서귀포시 대정읍 1528,제주특별자치도 서귀포시 표본로 276,[샘플]대정읍숙소1006,,1
1007,숙박업,03_11_00_P,6500000,SAMPLE-01007,20160927,1,영업/정상,01,영업/정상,,20160927,제주특별자치도 제주시 구좌읍 1642,제주특별자치도 제주시 표본로 56,[샘플]구좌읍숙소1007,,10
1008,농어촌민박업,03_11_00_P,6500000,SAMPLE-01008,20250211,1,영업/정상,01,영업/정상,,20250211,제주특별자치도 제주시 조천읍 405,제주특별자치도 제주시 표본로 13,[샘플]조천읍숙소1008,,2
1009,농어촌민박업,03_11_00_P,6500000,SAMPLE-01009,20151217,3,폐업,01,폐업,20200828,20200828,제주특별자치도 제주시 이도이동 1036,제주특별자치도 제주시 표본로 125,[샘플]이도이동숙소1009,,5
1010,농어촌민박업,03_11_00_P,6500000,SAMPLE-01010,20181223,1,영업/정상,01,영업/정상,,20181223,제주특별자치도 서귀포시 동홍동 1737,제주특별자치도 서귀포시 표본로 179,[샘플]동홍동숙소1010,,9
1011,숙박업,03_11_00_P,6500000,SAMPLE-01011,20241128,1,영업/정상,01,영업/정상,,20241128,제주특별자치도 제주시 삼양동 390,제주특별자치도 제주시 표본로 7,[샘플]삼양동숙소1011,,3
1012,농어촌민박업,03_11_00_P,6500000,SAMPLE-01012,20140204,1,영업/정상,01,영업/정상,,20140204,제주특별자치도 제주시 이도이동 744,제주특별자치도 제주시 표본로 14,[샘플]이도이동숙소1012,,7
1013,농어촌민박업,03_11_00_P,6500000,SAMPLE-01013,20160407,3,영업/정상,01,휴업,,20160407,제주특별자치도 제주시 일도이동 138,제주특별자치도 제주시 표본로 190,[샘플]일도이동숙소1013,,12
1014,숙박업,03_11_00_P,6500000,SAMPLE-01014,20221217,1,영업/정상,01,영업/정상,,20221217,제주특별자치도 제주시 한경면 1857,제주특별자치도 제주시 표본로 64,[샘플]한경면숙소1014,,12
1015,농어촌민박업,03_11_00_P,6500000,SAMPLE-01015,20120219,1,영업/정상,01,영업/정상,,20120219,제주특별자치도 제주시 이도이동 1910,제주특별자치도 제주시 표본로 38,[샘플]이도이동숙소1015,,7
1016,숙박업,03_11_00_P,6500000,SAMPLE-01016,20240104,1,영업/정상,01,영업/정상,,20240104,제주특별자치도 서귀포시 안덕면 1117,제주특별자치도 서귀포시 표본로 154,[샘플]안덕면숙소1016,,12
1017,숙박업,03_11_00_P,6500000,SAMPLE-01017,20210916,1,영업/정상,01,영업/정상,,20210916,제주특별자치도 제주시 삼양동 1231,제주특별자치도 제주시 표본로 176,[샘플]삼양동숙소1017,,3
1018,농어촌민박업,03_11_00_P,6500000,SAMPLE-01018,20160506,3,폐업,01,폐업,20220430,20220430,제주특별자치도 서귀포시 성산읍 1279,제주특별자치도 서귀포시 표본로 123,[샘플]성산읍숙소1018,,4
1019,관광숙박업,03_11_00_P,6500000,SAMPLE-01019,20220930,3,폐업,01,폐업,20240315,20240315,제주특별자치도 제주시 이도이동 348,제주특별자치도 제주시 표본로 42,[샘플]이도이동숙소1019,,9
1020,농어촌민박업,03_11_00_P,6500000,SAMPLE-01020,20140909,3,폐업,01,폐업,20150726,20150726,제주특별자치도 제주시 일도이동 924,제주특별자치도 제주시 표본로 27,[샘플]일도이동숙소1020,,8
1021,숙박업,03_11_00_P,6500000,SAMPLE-01021,20260617,1,영업/정상,01,영업/정상,,20260617,제주특별자치도 제주시 연동 1192,제주특별자치도 제주시 표본로 289,[샘플]연동숙소1021,,10
1022,숙박업,03_11_00_P,6500000,SAMPLE-01022,20220629,1,영업/정상,01,영업/정상,,20220629,제주특별자치도 제주시 이도이동 188,제주특별자치도 제주시 표본로 185,[샘플]이도이동숙소1022,,11
1023,숙박업,03_11_00_P,6500000,SAMPLE-01023,20160804,1,영업/정상,01,영업/정상,,20160804,제주특별자치도 제주시 이도이동 1048,제주특별자치도 제주시 표본로 89,[샘플]이도이동숙소1023,,10
1024,관광숙박업,03_11_00_P,6500000,SAMPLE-01024,20211004,1,영업/정상,01,영업/정상,,20211004,제주특별자치도 서귀포시 대륜동 776,제주특별자치도 서귀포시 표본로 273,[샘플]대륜동숙소1024,,2
1025,농어촌민박업,03_11_00_P,6500000,SAMPLE-01025,20260407,1,영업/정상,01,영업/정상,,20260407,제주특별자치도 서귀포시 중문동 834,제주특별자치도 서귀포시 표본로 261,[샘플]중문동숙소1025,,10
1026,농어촌민박업,03_11_00_P,6500000,SAMPLE-01026,20141010,1,영업/정상,01,영업/정상,,20141010,제주특별자치도 제주시 연동 394,제주특별자치도 제주시 표본로 110,[샘플]연동숙소1026,,6
1027,숙박업,03_11_00_P,6500000,SAMPLE-01027,20240921,1,영업/정상,01,영업/정상,,20240921,제주특별자치도 제주시 노형동 951,제주특별자치도 제주시 표본로 179,[샘플]노형동숙소1027,,7
1028,농어촌민박업,03_11_00_P,6500000,SAMPLE-01028,20131027,1,영업/정상,01,영업/정상,,20131027,제주특별자치도 서귀포시 남원읍 1271,제주특별자치도 서귀포시 표본로 2,[샘플]남원읍숙소1028,,6
1029,농어촌민박업,03_11_00_P,6500000,SAMPLE-01029,20231226,1,영업/정상,01,영업/정상,,20231226,제주특별자치도 서귀포시 대정읍 1260,제주특별자치도 서귀포시 표본로 86,[샘플]대정읍숙소1029,,3
1030,농어촌민박업,03_11_00_P,6500000,SAMPLE-01030,20111010,1,영업/정상,01,영업/정상,,20111010,제주특별자치도 제주시 애월읍 1445,제주특별자치도 제주시 표본로 85,[샘플]애월읍숙소1030,,4
1031,관광숙박업,03_11_00_P,6500000,SAMPLE-01031,20260612,1,영업/정상,01,영업/정상,,20260612,제주특별자치도 제주시 애월읍 723,제주특별자치도 제주시 표본로 33,[샘플]애월읍숙소1031,,11
1032,농어촌민박업,03_11_00_P,6500000,SAMPLE-01032,20251106,3,폐업,01,폐업,20260827,20260827,제주특별자치도 서귀포시 서홍동 1989,제주특별자치도 서귀포시 표본로 206,[샘플]서홍동숙소1032,,11
1033,숙박업,03_11_00_P,6500000,SAMPLE-01033,20180505,3,폐업,01,폐업,20241012,20241012,제주특별자치도 제주시 구좌읍 507,제주특별자치도 제주시 표본로 193,[샘플]구좌읍숙소1033,,12
1034,관광숙박업,03_11_00_P,6500000,SAMPLE-01034,20160801,3,폐업,01,폐업,20221025,20221025,제주특별자치도 서귀포시 성산읍 158,제주특별자치도 서귀포시 표본로 42,[샘플]성산읍숙소1034,,12
1035,농어촌민박업,03_11_00_P,6500000,SAMPLE-01035,20241228,1,영업/정상,01,영업/정상,,20241228,제주특별자치도 제주시 일도이동 119,제주특별자치도 제주시 표본로 9,[샘플]일도이동숙소1035,,5
1036,농어촌민박업,03_11_00_P,6500000,SAMPLE-01036,20250427,1,영업/정상,01,영업/정상,,20250427,제주특별자치도 제주시 일도이동 1685,제주특별자치도 제주시 표본로 9,[샘플]일도이동숙소1036,,2
1037,농어촌민박업,03_11_00_P,6500000,SAMPLE-01037,20240909,1,영업/정상,01,영업/정상,,20240909,제주특별자치도 서귀포시 안덕면 129,제주특별자치도 서귀포시 표본로 194,[샘플]안덕면숙소1037,,10
1038,숙박업,03_11_00_P,6500000,SAMPLE-01038,20250916,1,영업/정상,01,영업/정상,,20250916,제주특별자치도 제주시 한경면 1374,제주특별자치도 제주시 표본로 236,[샘플]한경면숙소1038,,7
1039,숙박업,03_11_00_P,6500000,SAMPLE-01039,20191212,3,영업/정상,01,휴업,,20191212,제주특별자치도 제주시 애월읍 440,제주특별자치도 제주시 표본로 256,[샘플]애월읍숙소1039,,10
1040,농어촌민박업,03_11_00_P,6500000,SAMPLE-01040,20121203,1,영업/정상,01,영업/정상,,20121203,제주특별자치도 제주시 한경면 1102,제주특별자치도 제주시 표본로 126,[샘플]한경면숙소1040,,12
1041,숙박업,03_11_00_P,6500000,SAMPLE-01041,20241128,1,영업/정상,01,영업/정상,,20241128,제주특별자치도 서귀포시 안덕면 305,제주특별자치도 서귀포시 표본로 83,[샘플]안덕면숙소1041,,3
1042,숙박업,03_11_00_P,6500000,SAMPLE-01042,20180604,3,폐업,01,폐업,20200501,20200501,제주특별자치도 서귀포시 성산읍 263,제주특별자치도 서귀포시 표본로 284,[샘플]성산읍숙소1042,,3
1043,숙박업,03_11_00_P,6500000,SAMPLE-01043,20200719,3,폐업,01,폐업,20260901,20260901,제주특별자치도 서귀포시 대정읍 1886,제주특별자치도 서귀포시 표본로 120,[샘플]대정읍숙소1043,,2
1044,관광숙박업,03_11_00_P,6500000,SAMPLE-01044,20240907,1,영업/정상,01,영업/정상,,20240907,제주특별자치도 제주시 한경면 235,제주특별자치도 제주시 표본로 251,[샘플]한경면숙소1044,,1
1045,농어촌민박업,03_11_00_P,6500000,SAMPLE-01045,20260609,1,영업/정상,01,영업/정상,,20260609,제주특별자치도 서귀포시 서홍동 1416,제주특별자치도 서귀포시 표본로 257,[샘플]서홍동숙소1045,,6
1046,숙박업,03_11_00_P,6500000,SAMPLE-01046,20250627,3,폐업,01,폐업,20260615,20260615,제주특별자치도 제주시 한경면 310,제주특별자치도 제주시 표본로 212,[샘플]한경면숙소1046,,2
1047,숙박업,03_11_00_P,6500000,SAMPLE-01047,20160312,1,영업/정상,01,영업/정상,,20160312,제주특별자치도 제주시 조천읍 1107,제주특별자치도 제주시 표본로 86,[샘플]조천읍숙소1047,,2
1048,관광숙박업,03_11_00_P,6500000,SAMPLE-01048,20180316,3,폐업,01,폐업,20220201,20220201,제주특별자치도 서귀포시 남원읍 1267,제주특별자치도 서귀포시 표본로 272,[샘플]남원읍숙소1048,,1
1049,농어촌민박업,03_11_00_P,6500000,SAMPLE-01049,20230514,1,영업/정상,01,영업/정상,,20230514,제주특별자치도 제주시 일도이동 1908,제주특별자치도 제주시 표본로 27,[샘플]일도이동숙소1049,,7
1050,숙박업,03_11_00_P,6500000,SAMPLE-01050,20220405,1,영업/정상,01,영업/정상,,20220405,제주특별자치도 서귀포시 남원읍 231,제주특별자치도 서귀포시 표본로 93,[샘플]남원읍숙소1050,,2
1051,농어촌민박업,03_11_00_P,6500000,SAMPLE-01051,20121113,3,폐업,01,폐업,20220417,20220417,제주특별자치도 제주시 연동 335,제주특별자치도 제주시 표본로 20,[샘플]연동숙소1051,,8
1052,농어촌민박업,03_11_00_P,6500000,SAMPLE-01052,20220203,1,영업/정상,01,영업/정상,,20220203,제주특별자치도 제주시 노형동 443,제주특별자치도 제주시 표본로 280,[샘플]노형동숙소1052,,12
1053,농어촌민박업,03_11_00_P,6500000,SAMPLE-01053,20210719,1,영업/정상,01,영업/정상,,20210719,제주특별자치도 서귀포시 대정읍 523,제주특별자치도 서귀포시 표본로 22,[샘플]대정읍숙소1053,,12
1054,숙박업,03_11_00_P,6500000,SAMPLE-01054,20160331,1,영업/정상,01,영업/정상,,20160331,제주특별자치도 서귀포시 서홍동 508,제주특별자치도 서귀포시 표본로 91,[샘플]서홍동숙소1054,,7
1055,농어촌민박업,03_11_00_P,6500000,SAMPLE-01055,20211016,1,영업/정상,01,영업/정상,,20211016,제주특별자치도 서귀포시 대정읍 52,제주특별자치도 서귀포시 표본로 108,[샘플]대정읍숙소1055,,6
1056,농어촌민박업,03_11_00_P,6500000,SAMPLE-01056,20140811,1,영업/정상,01,영업/정상,,20140811,제주특별자치도 제주시 삼양동 1435,제주특별자치도 제주시 표본로 189,[샘플]삼양동숙소1056,,8
1057,숙박업,03_11_00_P,6500000,SAMPLE-01057,20220404,1,영업/정상,01,영업/정상,,20220404,제주특별자치도 제주시 한경면 111,제주특별자치도 제주시 표본로 151,[샘플]한경면숙소1057,,6
1058,농어촌민박업,03_11_00_P,6500000,SAMPLE-01058,20180322,3,폐업,01,폐업,20231220,20231220,제주특별자치도 제주시 애월읍 85,제주특별자치도 제주시 표본로 264,[샘플]애월읍숙소1058,,4
1059,농어촌민박업,03_11_00_P,6500000,SAMPLE-01059,20250904,1,영업/정상,01,영업/정상,,20250904,제주특별자치도 제주시 노형동 167,제주특별자치도 제주시 표본로 153,[샘플]노형동숙소1059,,8
1060,농어촌민박업,03_11_00_P,6500000,SAMPLE-01060,20260724,1,영업/정상,01,영업/정상,,20260724,제주특별자치도 제주시 연동 966,제주특별자치도 제주시 표본로 37,[샘플]연동숙소1060,,9
1061,관광숙박업,03_11_00_P,6500000,SAMPLE-01061,20260515,1,영업/정상,01,영업/정상,,20260515,제주특별자치도 제주시 애월읍 1577,제주특별자치도 제주시 표본로 278,[샘플]애월읍숙소1061,,8
1062,농어촌민박업,03_11_00_P,6500000,SAMPLE-01062,20241020,1,영업/정상,01,영업/정상,,20241020,제주특별자치도 제주시 일도이동 738,제주특별자치도 제주시 표본로 52,[샘플]일도이동숙소1062,,9
1063,농어촌민박업,03_11_00_P,6500000,SAMPLE-01063,20210221,3,폐업,01,폐업,20240910,20240910,제주특별자치도 제주시 연동 671,제주특별자치도 제주시 표본로 294,[샘플]연동숙소1063,,8
1064,농어촌민박업,03_11_00_P,6500000,SAMPLE-01064,20160123,1,영업/정상,01,영업/정상,,20160123,제주특별자치도 서귀포시 서홍동 319,제주특별자치도 서귀포시 표본로 281,[샘플]서홍동숙소1064,,7
1065,농어촌민박업,03_11_00_P,6500000,SAMPLE-01065,20230714,1,영업/정상,01,영업/정상,,20230714,제주특별자치도 서귀포시 남원읍 103,제주특별자치도 서귀포시 표본로 87,[샘플]남원읍숙소1065,,6
1066,숙박업,03_11_00_P,6500000,SAMPLE-01066,20251013,1,영업/정상,01,영업/정상,,20251013,제주특별자치도 서귀포시 동홍동 880,제주특별자치도 서귀포시 표본로 217,[샘플]동홍동숙소1066,,11
1067,숙박업,03_11_00_P,6500000,SAMPLE-01067,20250826,1,영업/정상,01,영업/정상,,20250826,제주특별자치도 서귀포시 남원읍 1218,제주특별자치도 서귀포시 표본로 263,[샘플]남원읍숙소1067,,7
1068,농어촌민박업,03_11_00_P,6500000,SAMPLE-01068,20260509,1,영업/정상,01,영업/정상,,20260509,제주특별자치도 서귀포시 서홍동 687,제주특별자치도 서귀포시 표본로 292,[샘플]서홍동숙소1068,,3
1069,농어촌민박업,03_11_00_P,6500000,SAMPLE-01069,20151124,3,폐업,01,폐업,20240528,20240528,제주특별자치도 제주시 노형동 1910,제주특별자치도 제주시 표본로 134,[샘플]노형동숙소1069,,12
1070,농어촌민박업,03_11_00_P,6500000,SAMPLE-01070,20240322,1,영업/정상,01,영업/정상,,20240322,제주특별자치도 제주시 한림읍 632,제주특별자치도 제주시 표본로 173,[샘플]한림읍숙소1070,,8
1071,관광숙박업,03_11_00_P,6500000,SAMPLE-01071,20170311,1,영업/정상,01,영업/정상,,20170311,제주특별자치도 서귀포시 남원읍 819,제주특별자치도 서귀포시 표본로 37,[샘플]남원읍숙소1071,,9
1072,농어촌민박업,03_11_00_P,6500000,SAMPLE-01072,20130817,1,영업/정상,01,영업/정상,,20130817,제주특별자치도 서귀포시 중문동 1344,제주특별자치도 서귀포시 표본로 149,[샘플]중문동숙소1072,,9
1073,농어촌민박업,03_11_00_P,6500000,SAMPLE-01073,20230117,3,폐업,01,폐업,20250707,20250707,제주특별자치도 서귀포시 대정읍 1530,제주특별자치도 서귀포시 표본로 164,[샘플]대정읍숙소1073,,4
1074,농어촌민박업,03_11_00_P,6500000,SAMPLE-01074,20250618,1,영업/정상,01,영업/정상,,20250618,제주특별자치도 제주시 한림읍 1094,제주특별자치도 제주시 표본로 109,[샘플]한림읍숙소1074,,11
1075,농어촌민박업,03_11_00_P,6500000,SAMPLE-01075,20210327,1,영업/정상,01,영업/정상,,20210327,제주특별자치도 제주시 구좌읍 36,제주특별자치도 제주시 표본로 43,[샘플]구좌읍숙소1075,,7
1076,숙박업,03_11_00_P,6500000,SAMPLE-01076,20190909,1,영업/정상,01,영업/정상,,20190909,제주특별자치도 서귀포시 성산읍 1258,제주특별자치도 서귀포시 표본로 45,[샘플]성산읍숙소1076,,8
1077,농어촌민박업,03_11_00_P,6500000,SAMPLE-01077,20180405,1,영업/정상,01,영업/정상,,20180405,제주특별자치도 서귀포시 중문동 1639,제주특별자치도 서귀포시 표본로 271,[샘플]중문동숙소1077,,12
1078,관광숙박업,03_11_00_P,6500000,SAMPLE-01078,20120305,1,영업/정상,01,영업/정상,,20120305,제주특별자치도 서귀포시 표선면 264,제주특별자치도 서귀포시 표본로 137,[샘플]표선면숙소1078,,9
1079,농어촌민박업,03_11_00_P,6500000,SAMPLE-01079,20121009,1,영업/정상,01,영업/정상,,20121009,제주특별자치도 서귀포시 동홍동 74,제주특별자치도 서귀포시 표본로 122,[샘플]동홍동숙소1079,,2
1080,농어촌민박업,03_11_00_P,6500000,SAMPLE-01080,20260521,1,영업/정상,01,영업/정상,,20260521,제주특별자치도 서귀포시 중문동 634,제주특별자치도 서귀포시 표본로 102,[샘플]중문동숙소1080,,6
1081,관광숙박업,03_11_00_P,6500000,SAMPLE-01081,20200430,1,영업/정상,01,영업/정상,,20200430,제주특별자치도 제주시 구좌읍 1919,제주특별자치도 제주시 표본로 10,[샘플]구좌읍숙소1081,,10
1082,숙박업,03_11_00_P,6500000,SAMPLE-01082,20190726,1,영업/정상,01,영업/정상,,20190726,제주특별자치도 서귀포시 남원읍 836,제주특별자치도 서귀포시 표본로 297,[샘플]남원읍숙소1082,,5
1083,농어촌민박업,03_11_00_P,6500000,SAMPLE-01083,20250305,1,영업/정상,01,영업/정상,,20250305,제주특별자치도 서귀포시 성산읍 547,제주특별자치도 서귀포시 표본로 208,[샘플]성산읍숙소1083,,11
1084,관광숙박업,03_11_00_P,6500000,SAMPLE-01084,20190502,1,영업/정상,01,영업/정상,,20190502,제주특별자치도 제주시 이도이동 1507,제주특별자치도 제주시 표본로 91,[샘플]이도이동숙소1084,,8
1085,숙박업,03_11_00_P,6500000,SAMPLE-01085,20140612,3,폐업,01,폐업,20160814,20160814,제주특별자치도 서귀포시 중문동 668,제주특별자치도 서귀포시 표본로 73,[샘플]중문동숙소1085,,6
1086,농어촌민박업,03_11_00_P,6500000,SAMPLE-01086,20221018,3,폐업,01,폐업,20230715,20230715,제주특별자치도 제주시 한경면 476,제주특별자치도 제주시 표본로 248,[샘플]한경면숙소1086,,4
1087,숙박업,03_11_00_P,6500000,SAMPLE-01087,20260331,1,영업/정상,01,영업/정상,,20260331,제주특별자치도 제주시 한경면 955,제주특별자치도 제주시 표본로 298,[샘플]한경면숙소1087,,12
1088,농어촌민박업,03_11_00_P,6500000,SAMPLE-01088,20250805,1,영업/정상,01,영업/정상,,20250805,제주특별자치도 제주시 애월읍 1852,제주특별자치도 제주시 표본로 212,[샘플]애월읍숙소1088,,3
1089,숙박업,03_11_00_P,6500000,SAMPLE-01089,20250301,1,영업/정상,01,영업/정상,,20250301,제주특별자치도 제주시 조천읍 752,제주특별자치도 제주시 표본로 100,[샘플]조천읍숙소1089,,6
1090,농어촌민박업,03_11_00_P,6500000,SAMPLE-01090,20131207,1,영업/정상,01,영업/정상,,20131207,제주특별자치도 제주시 노형동 1276,제주특별자치도 제주시 표본로 200,[샘플]노형동숙소1090,,2
1091,농어촌민박업,03_11_00_P,6500000,SAMPLE-01091,20250606,1,영업/정상,01,영업/정상,,20250606,제주특별자치도 제주시 애월읍 183,제주특별자치도 제주시 표본로 75,[샘플]애월읍숙소1091,,11
1092,관광숙박업,03_11_00_P,6500000,SAMPLE-01092,20140406,3,폐업,01,폐업,20250516,20250516,제주특별자치도 서귀포시 대정읍 1078,제주특별자치도 서귀포시 표본로 125,[샘플]대정읍숙소1092,,6
1093,숙박업,03_11_00_P,6500000,SAMPLE-01093,20231019,1,영업/정상,01,영업/정상,,20231019,제주특별자치도 서귀포시 대정읍 609,제주특별자치도 서귀포시 표본로 85,[샘플]대정읍숙소1093,,3
1094,숙박업,03_11_00_P,6500000,SAMPLE-01094,20160214,3,폐업,01,폐업,20250201,20250201,제주특별자치도 서귀포시 성산읍 1996,제주특별자치도 서귀포시 표본로 15,[샘플]성산읍숙소1094,,10
1095,숙박업,03_11_00_P,6500000,SAMPLE-01095,20170601,1,영업/정상,01,영업/정상,,20170601,제주특별자치도 제주시 노형동 1495,제주특별자치도 제주시 표본로 176,[샘플]노형동숙소1095,,2
1096,농어촌민박업,03_11_00_P,6500000,SAMPLE-01096,20210111,3,폐업,01,폐업,20230306,20230306,제주특별자치도 제주시 노형동 619,제주특별자치도 제주시 표본로 266,[샘플]노형동숙소1096,,12
1097,농어촌민박업,03_11_00_P,6500000,SAMPLE-01097,20250123,1,영업/정상,01,영업/정상,,20250123,제주특별자치도 제주시 조천읍 75,제주특별자치도 제주시 표본로 167,[샘플]조천읍숙소1097,,10
1098,농어촌민박업,03_11_00_P,6500000,SAMPLE-01098,20220421,1,영업/정상,01,영업/정상,,20220421,제주특별자치도 서귀포시 대정읍 555,제주특별자치도 서귀포시 표본로 246,[샘플]대정읍숙소1098,,6
1099,숙박업,03_11_00_P,6500000,SAMPLE-01099,20250920,1,영업/정상,01,영업/정상,,20250920,제주특별자치도 서귀포시 남원읍 168,제주특별자치도 서귀포시 표본로 115,[샘플]남원읍숙소1099,,4
1100,농어촌민박업,03_11_00_P,6500000,SAMPLE-01100,20111009,3,폐업,01,폐업,20220709,20220709,제주특별자치도 서귀포시 대륜동 836,제주특별자치도 서귀포시 표본로 220,[샘플]대륜동숙소1100,,5
1101,농어촌민박업,03_11_00_P,6500000,SAMPLE-01101,20220222,1,영업/정상,01,영업/정상,,20220222,제주특별자치도 서귀포시 안덕면 1639,제주특별자치도 서귀포시 표본로 152,[샘플]안덕면숙소1101,,10
1102,농어촌민박업,03_11_00_P,6500000,SAMPLE-01102,20210901,1,영업/정상,01,영업/정상,,20210901,제주특별자치도 제주시 한경면 1547,제주특별자치도 제주시 표본로 153,[샘플]한경면숙소1102,,10
1103,농어촌민박업,03_11_00_P,6500000,SAMPLE-01103,20240126,1,영업/정상,01,영업/정상,,20240126,제주특별자치도 제주시 일도이동 1065,제주특별자치도 제주시 표본로 16,[샘플]일도이동숙소1103,,5
1104,숙박업,03_11_00_P,6500000,SAMPLE-01104,20140612,3,폐업,01,폐업,20230917,20230917,제주특별자치도 제주시 이도이동 1819,제주특별자치도 제주시 표본로 126,[샘플]이도이동숙소1104,,9
1105,농어촌민박업,03_11_00_P,6500000,SAMPLE-01105,20210118,1,영업/정상,01,영업/정상,,20210118,제주특별자치도 서귀포시 서홍동 1203,제주특별자치도 서귀포시 표본로 186,[샘플]서홍동숙소1105,,4
1106,농어촌민박업,03_11_00_P,6500000,SAMPLE-01106,20190428,3,폐업,01,폐업,20230809,20230809,제주특별자치도 서귀포시 서홍동 1295,제주특별자치도 서귀포시 표본로 25,[샘플]서홍동숙소1106,,9
1107,숙박업,03_11_00_P,6500000,SAMPLE-01107,20190119,3,폐업,01,폐업,20250612,20250612,제주특별자치도 제주시 이도이동 620,제주특별자치도 제주시 표본로 45,[샘플]이도이동숙소1107,,4
1108,관광숙박업,03_11_00_P,6500000,SAMPLE-01108,20250818,1,영업/정상,01,영업/정상,,20250818,제주특별자치도 서귀포시 중문동 1319,제주특별자치도 서귀포시 표본로 292,[샘플]중문동숙소1108,,4
1109,숙박업,03_11_00_P,6500000,SAMPLE-01109,20210721,3,폐업,01,폐업,20260105,20260105,제주특별자치도 서귀포시 안덕면 1851,제주특별자치도 서귀포시 표본로 193,[샘플]안덕면숙소1109,,5
1110,숙박업,03_11_00_P,6500000,SAMPLE-01110,20210201,3,폐업,01,폐업,20220723,20220723,제주특별자치도 제주시 구좌읍 1967,제주특별자치도 제주시 표본로 198,[샘플]구좌읍숙소1110,,9
1111,농어촌민박업,03_11_00_P,6500000,SAMPLE-01111,20260513,3,영업/정상,01,휴업,,20260513,제주특별자치도 제주시 애월읍 1472,제주특별자치도 제주시 표본로 220,[샘플]애월읍숙소1111,,1
1112,농어촌민박업,03_11_00_P,6500000,SAMPLE-01112,20260703,1,영업/정상,01,영업/정상,,20260703,제주특별자치도 제주시 이도이동 776,제주특별자치도 제주시 표본로 265,[샘플]이도이동숙소1112,,5
1113,농어촌민박업,03_11_00_P,6500000,SAMPLE-01113,20130913,3,폐업,01,폐업,20200729,20200729,제주특별자치도 제주시 삼양동 1697,제주특별자치도 제주시 표본로 194,[샘플]삼양동숙소1113,,12
1114,관광숙박업,03_11_00_P,6500000,SAMPLE-01114,20221007,1,영업/정상,01,영업/정상,,20221007,제주특별자치도 제주시 노형동 851,제주특별자치도 제주시 표본로 65,[샘플]노형동숙소1114,,1
1115,농어촌민박업,03_11_00_P,6500000,SAMPLE-01115,20230802,1,영업/정상,01,영업/정상,,20230802,제주특별자치도 제주시 노형동 1527,제주특별자치도 제주시 표본로 87,[샘플]노형동숙소1115,,1
1116,숙박업,03_11_00_P,6500000,SAMPLE-01116,20220817,1,영업/정상,01,영업/정상,,20220817,제주특별자치도 서귀포시 대륜동 46,제주특별자치도 서귀포시 표본로 283,[샘플]대륜동숙소1116,,4
1117,관광숙박업,03_11_00_P,6500000,SAMPLE-01117,20260516,1,영업/정상,01,영업/정상,,20260516,제주특별자치도 서귀포시 서홍동 191,제주특별자치도 서귀포시 표본로 3,[샘플]서홍동숙소1117,,11
1118,농어촌민박업,03_11_00_P,6500000,SAMPLE-01118,20220901,1,영업/정상,01,영업/정상,,20220901,제주특별자치도 제주시 연동 190,제주특별자치도 제주시 표본로 112,[샘플]연동숙소1118,,8
1119,농어촌민박업,03_11_00_P,6500000,SAMPLE-01119,20170629,3,폐업,01,폐업,20240621,20240621,제주특별자치도 서귀포시 성산읍 524,제주특별자치도 서귀포시 표본로 192,[샘플]성산읍숙소1119,,5
1120,농어촌민박업,03_11_00_P,6500000,SAMPLE-01120,20161102,1,영업/정상,01,영업/정상,,20161102,제주특별자치도 서귀포시 성산읍 912,제주특별자치도 서귀포시 표본로 95,[샘플]성산읍숙소1120,,4
1121,숙박업,03_11_00_P,6500000,SAMPLE-01121,20131001,1,영업/정상,01,영업/정상,,20131001,제주특별자치도 서귀포시 성산읍 407,제주특별자치도 서귀포시 표본로 227,[샘플]성산읍숙소1121,,4
1122,숙박업,03_11_00_P,6500000,SAMPLE-01122,20141225,1,영업/정상,01,영업/정상,,20141225,제주특별자치도 제주시 애월읍 1904,제주특별자치도 제주시 표본로 188,[샘플]애월읍숙소1122,,10
1123,농어촌민박업,03_11_00_P,6500000,SAMPLE-01123,20220617,3,폐업,01,폐업,20240805,20240805,제주특별자치도 서귀포시 안덕면 1953,제주특별자치도 서귀포시 표본로 148,[샘플]안덕면숙소1123,,6
1124,숙박업,03_11_00_P,6500000,SAMPLE-01124,20180714,1,영업/정상,01,영업/정상,,20180714,제주특별자치도 서귀포시 동홍동 1724,제주특별자치도 서귀포시 표본로 179,[샘플]동홍동숙소1124,,8
1125,숙박업,03_11_00_P,6500000,SAMPLE-01125,20221118,1,영업/정상,01,영업/정상,,20221118,제주특별자치도 제주시 한림읍 1621,제주특별자치도 제주시 표본로 206,[샘플]한림읍숙소1125,,11
1126,농어촌민박업,03_11_00_P,6500000,SAMPLE-01126,20251127,1,영업/정상,01,영업/정상,,20251127,제주특별자치도 제주시 애월읍 193,제주특별자치도 제주시 표본로 268,[샘플]애월읍숙소1126,,2
1127,농어촌민박업,03_11_00_P,6500000,SAMPLE-01127,20211103,1,영업/정상,01,영업/정상,,20211103,제주특별자치도 제주시 애월읍 374,제주특별자치도 제주시 표본로 107,[샘플]애월읍숙소1127,,12
1128,숙박업,03_11_00_P,6500000,SAMPLE-01128,20200909,3,폐업,01,폐업,20211028,20211028,제주특별자치도 서귀포시 표선면 1697,제주특별자치도 서귀포시 표본로 242,[샘플]표선면숙소1128,,10
1129,관광숙박업,03_11_00_P,6500000,SAMPLE-01129,20210626,3,폐업,01,폐업,20230719,20230719,제주특별자치도 서귀포시 안덕면 1156,제주특별자치도 서귀포시 표본로 167,[샘플]안덕면숙소1129,,8
1130,농어촌민박업,03_11_00_P,6500000,SAMPLE-01130,20210215,3,폐업,01,폐업,20250116,20250116,제주특별자치도 제주시 한림읍 1679,제주특별자치도 제주시 표본로 230,[샘플]한림읍숙소1130,,2
1131,농어촌민박업,03_11_00_P,6500000,SAMPLE-01131,20251108,1,영업/정상,01,영업/정상,,20251108,제주특별자치도 서귀포시 중문동 298,제주특별자치도 서귀포시 표본로 259,[샘플]중문동숙소1131,,2
1132,관광숙박업,03_11_00_P,6500000,SAMPLE-01132,20210325,3,폐업,01,폐업,20241124,20241124,제주특별자치도 제주시 연동 1399,제주특별자치도 제주시 표본로 32,[샘플]연동숙소1132,,6
1133,관광숙박업,03_11_00_P,6500000,SAMPLE-01133,20251127,3,영업/정상,01,휴업,,20251127,제주특별자치도 서귀포시 서홍동 976,제주특별자치도 서귀포시 표본로 35,[샘플]서홍동숙소1133,,7
1134,숙박업,03_11_00_P,6500000,SAMPLE-01134,20240408,1,영업/정상,01,영업/정상,,20240408,제주특별자치도 서귀포시 안덕면 1299,제주특별자치도 서귀포시 표본로 212,[샘플]안덕면숙소1134,,2
1135,농어촌민박업,03_11_00_P,6500000,SAMPLE-01135,20120616,1,영업/정상,01,영업/정상,,20120616,제주특별자치도 제주시 일도이동 6,제주특별자치도 제주시 표본로 167,[샘플]일도이동숙소1135,,7
1136,농어촌민박업,03_11_00_P,6500000,SAMPLE-01136,20161028,3,폐업,01,폐업,20260906,20260906,제주특별자치도 서귀포시 동홍동 612,제주특별자치도 서귀포시 표본로 40,[샘플]동홍동숙소1136,,8
1137,관광숙박업,03_11_00_P,6500000,SAMPLE-01137,20180823,1,영업/정상,01,영업/정상,,20180823,제주특별자치도 서귀포시 동홍동 1349,제주특별자치도 서귀포시 표본로 256,[샘플]동홍동숙소1137,,2
1138,농어촌민박업,03_11_00_P,6500000,SAMPLE-01138,20240116,1,영업/정상,01,영업/정상,,20240116,제주특별자치도 제주시 삼양동 1453,제주특별자치도 제주시 표본로 188,[샘플]삼양동숙소1138,,11
1139,농어촌민박업,03_11_00_P,6500000,SAMPLE-01139,20250507,3,폐업,01,폐업,20260408,20260408,제주특별자치도 제주시 이도이동 868,제주특별자치도 제주시 표본로 39,[샘플]이도이동숙소1139,,8
1140,숙박업,03_11_00_P,6500000,SAMPLE-01140,20220127,1,영업/정상,01,영업/정상,,20220127,제주특별자치도 서귀포시 중문동 658,제주특별자치도 서귀포시 표본로 184,[샘플]중문동숙소1140,,1
1141,농어촌민박업,03_11_00_P,6500000,SAMPLE-01141,20241013,1,영업/정상,01,영업/정상,,20241013,제주특별자치도 제주시 한경면 521,제주특별자치도 제주시 표본로 109,[샘플]한경면숙소1141,,12
1142,농어촌민박업,03_11_00_P,6500000,SAMPLE-01142,20150330,3,폐업,01,폐업,20240509,20240509,제주특별자치도 제주시 한경면 1928,제주특별자치도 제주시 표본로 15,[샘플]한경면숙소1142,,1
1143,숙박업,03_11_00_P,6500000,SAMPLE-01143,20241217,3,폐업,01,폐업,20251207,20251207,제주특별자치도 서귀포시 서홍동 1099,제주특별자치도 서귀포시 표본로 197,[샘플]서홍동숙소1143,,5
1144,농어촌민박업,03_11_00_P,6500000,SAMPLE-01144,20210311,1,영업/정상,01,영업/정상,,20210311,제주특별자치도 서귀포시 표선면 222,제주특별자치도 서귀포시 표본로 229,[샘플]표선면숙소1144,,3
1145,농어촌민박업,03_11_00_P,6500000,SAMPLE-01145,20210320,3,폐업,01,폐업,20230911,20230911,제주특별자치도 제주시 구좌읍 489,제주특별자치도 제주시 표본로 20,[샘플]구좌읍숙소1145,,9
1146,농어촌민박업,03_11_00_P,6500000,SAMPLE-01146,20201106,1,영업/정상,01,영업/정상,,20201106,제주특별자치도 제주시 한림읍 1152,제주특별자치도 제주시 표본로 259,[샘플]한림읍숙소1146,,7
1147,숙박업,03_11_00_P,6500000,SAMPLE-01147,20240501,1,영업/정상,01,영업/정상,,20240501,제주특별자치도 제주시 구좌읍 452,제주특별자치도 제주시 표본로 220,[샘플]구좌읍숙소1147,,5
1148,숙박업,03_11_00_P,6500000,SAMPLE-01148,20190616,3,폐업,01,폐업,20250109,20250109,제주특별자치도 제주시 노형동 1140,제주특별자치도 제주시 표본로 252,[샘플]노형동숙소1148,,1
1149,농어촌민박업,03_11_00_P,6500000,SAMPLE-01149,20230920,1,영업/정상,01,영업/정상,,20230920,제주특별자치도 제주시 구좌읍 1604,제주특별자치도 제주시 표본로 207,[샘플]구좌읍숙소1149,,11
1150,관광숙박업,03_11_00_P,6500000,SAMPLE-01150,20170126,1,영업/정상,01,영업/정상,,20170126,제주특별자치도 제주시 일도이동 456,제주특별자치도 제주시 표본로 211,[샘플]일도이동숙소1150,,9
1151,관광숙박업,03_11_00_P,6500000,SAMPLE-01151,20150921,1,영업/정상,01,영업/정상,,20150921,제주특별자치도 서귀포시 동홍동 6,제주특별자치도 서귀포시 표본로 297,[샘플]동홍동숙소1151,,5
1152,숙박업,03_11_00_P,6500000,SAMPLE-01152,20250306,1,영업/정상,01,영업/정상,,20250306,제주특별자치도 서귀포시 남원읍 1981,제주특별자치도 서귀포시 표본로 220,[샘플]남원읍숙소1152,,8
1153,숙박업,03_11_00_P,6500000,SAMPLE-01153,20170409,1,영업/정상,01,영업/정상,,20170409,제주특별자치도 서귀포시 성산읍 202,제주특별자치도 서귀포시 표본로 218,[샘플]성산읍숙소1153,,2
1154,숙박업,03_11_00_P,6500000,SAMPLE-01154,20231119,1,영업/정상,01,영업/정상,,20231119,제주특별자치도 제주시 조천읍 215,제주특별자치도 제주시 표본로 104,[샘플]조천읍숙소1154,,8
1155,숙박업,03_11_00_P,6500000,SAMPLE-01155,20150116,3,폐업,01,폐업,20190802,20190802,제주특별자치도 제주시 애월읍 1974,제주특별자치도 제주시 표본로 22,[샘플]애월읍숙소1155,,11
1156,농어촌민박업,03_11_00_P,6500000,SAMPLE-01156,20250604,3,폐업,01,폐업,20260402,20260402,제주특별자치도 서귀포시 표선면 1283,제주특별자치도 서귀포시 표본로 66,[샘플]표선면숙소1156,,12
1157,농어촌민박업,03_11_00_P,6500000,SAMPLE-01157,20210717,3,폐업,01,폐업,20230720,20230720,제주특별자치도 제주시 구좌읍 1374,제주특별자치도 제주시 표본로 30,[샘플]구좌읍숙소1157,,1
1158,농어촌민박업,03_11_00_P,6500000,SAMPLE-01158,20170725,3,폐업,01,폐업,20251230,20251230,제주특별자치도 제주시 이도이동 1023,제주특별자치도 제주시 표본로 25,[샘플]이도이동숙소1158,,6
1159,숙박업,03_11_00_P,6500000,SAMPLE-01159,20190109,3,폐업,01,폐업,20250501,20250501,제주특별자치도 제주시 한경면 930,제주특별자치도 제주시 표본로 198,[샘플]한경면숙소1159,,10
1160,숙박업,03_11_00_P,6500000,SAMPLE-01160,20231019,1,영업/정상,01,영업/정상,,20231019,제주특별자치도 제주시 연동 989,제주특별자치도 제주시 표본로 244,[샘플]연동숙소1160,,6
1161,농어촌민박업,03_11_00_P,6500000,SAMPLE-01161,20230815,1,영업/정상,01,영업/정상,,20230815,제주특별자치도 제주시 한경면 1680,제주특별자치도 제주시 표본로 31,[샘플]한경면숙소1161,,9
1162,농어촌민박업,03_11_00_P,6500000,SAMPLE-01162,20210730,1,영업/정상,01,영업/정상,,20210730,제주특별자치도 제주시 이도이동 1328,제주특별자치도 제주시 표본로 46,[샘플]이도이동숙소1162,,3
1163,숙박업,03_11_00_P,6500000,SAMPLE-01163,20240329,1,영업/정상,01,영업/정상,,20240329,제주특별자치도 제주시 연동 739,제주특별자치도 제주시 표본로 254,[샘플]연동숙소1163,,12
1164,관광숙박업,03_11_00_P,6500000,SAMPLE-01164,20171003,1,영업/정상,01,영업/정상,,20171003,제주특별자치도 제주시 조천읍 1984,제주특별자치도 제주시 표본로 124,[샘플]조천읍숙소1164,,7
1165,숙박업,03_11_00_P,6500000,SAMPLE-01165,20250214,3,폐업,01,폐업,20250910,20250910,제주특별자치도 서귀포시 중문동 1628,제주특별자치도 서귀포시 표본로 242,[샘플]중문동숙소1165,,6
1166,농어촌민박업,03_11_00_P,6500000,SAMPLE-01166,20250729,1,영업/정상,01,영업/정상,,20250729,제주특별자치도 제주시 삼양동 1649,제주특별자치도 제주시 표본로 8,[샘플]삼양동숙소1166,,5
1167,숙박업,03_11_00_P,6500000,SAMPLE-01167,20230115,1,영업/정상,01,영업/정상,,20230115,제주특별자치도 제주시 구좌읍 468,제주특별자치도 제주시 표본로 57,[샘플]구좌읍숙소1167,,3
1168,농어촌민박업,03_11_00_P,6500000,SAMPLE-01168,20220301,1,영업/정상,01,영업/정상,,20220301,제주특별자치도 서귀포시 안덕면 1618,제주특별자치도 서귀포시 표본로 166,[샘플]안덕면숙소1168,,5
1169,농어촌민박업,03_11_00_P,6500000,SAMPLE-01169,20220412,1,영업/정상,01,영업/정상,,20220412,제주특별자치도 제주시 연동 367,제주특별자치도 제주시 표본로 83,[샘플]연동숙소1169,,12
1170,농어촌민박업,03_11_00_P,6500000,SAMPLE-01170,20160502,3,폐업,01,폐업,20211125,20211125,제주특별자치도 제주시 이도이동 1558,제주특별자치도 제주시 표본로 167,[샘플]이도이동숙소1170,,6
1171,관광숙박업,03_11_00_P,6500000,SAMPLE-01171,20160119,3,폐업,01,폐업,20160812,20160812,제주특별자치도 제주시 일도이동 1815,제주특별자치도 제주시 표본로 247,[샘플]일도이동숙소1171,,11
1172,농어촌민박업,03_11_00_P,6500000,SAMPLE-01172,20180716,1,영업/정상,01,영업/정상,,20180716,제주특별자치도 제주시 삼양동 1750,제주특별자치도 제주시 표본로 126,[샘플]삼양동숙소1172,,3
1173,농어촌민박업,03_11_00_P,6500000,SAMPLE-01173,20250802,1,영업/정상,01,영업/정상,,20250802,제주특별자치도 제주시 조천읍 65,제주특별자치도 제주시 표본로 184,[샘플]조천읍숙소1173,,9
1174,농어촌민박업,03_11_00_P,6500000,SAMPLE-01174,20240307,1,영업/정상,01,영업/정상,,20240307,제주특별자치도 서귀포시 서홍동 1586,제주특별자치도 서귀포시 표본로 279,[샘플]서홍동숙소1174,,10
1175,농어촌민박업,03_11_00_P,6500000,SAMPLE-01175,20130504,3,폐업,01,폐업,20160729,20160729,제주특별자치도 제주시 조천읍 476,제주특별자치도 제주시 표본로 199,[샘플]조천읍숙소1175,,4
1176,농어촌민박업,03_11_00_P,6500000,SAMPLE-01176,20121112,3,폐업,01,폐업,20151215,20151215,제주특별자치도 서귀포시 성산읍 1563,제주특별자치도 서귀포시 표본로 1,[샘플]성산읍숙소1176,,3
1177,농어촌민박업,03_11_00_P,6500000,SAMPLE-01177,20200323,3,폐업,01,폐업,20240210,20240210,제주특별자치도 제주시 애월읍 1829,제주특별자치도 제주시 표본로 112,[샘플]애월읍숙소1177,,3
1178,농어촌민박업,03_11_00_P,6500000,SAMPLE-01178,20231225,1,영업/정상,01,영업/정상,,20231225,제주특별자치도 서귀포시 중문동 1279,제주특별자치도 서귀포시 표본로 106,[샘플]중문동숙소1178,,3
1179,농어촌민박업,03_11_00_P,6500000,SAMPLE-01179,20180420,1,영업/정상,01,영업/정상,,20180420,제주특별자치도 제주시 조천읍 1645,제주특별자치도 제주시 표본로 297,[샘플]조천읍숙소1179,,12
1180,관광숙박업,03_11_00_P,6500000,SAMPLE-01180,20170920,1,영업/정상,01,영업/정상,,20170920,제주특별자치도 제주시 삼양동 356,제주특별자치도 제주시 표본로 201,[샘플]삼양동숙소1180,,12
1181,농어촌민박업,03_11_00_P,6500000,SAMPLE-01181,20231107,1,영업/정상,01,영업/정상,,20231107,제주특별자치도 제주시 한경면 1939,제주특별자치도 제주시 표본로 116,[샘플]한경면숙소1181,,5
1182,관광숙박업,03_11_00_P,6500000,SAMPLE-01182,20240805,1,영업/정상,01,영업/정상,,20240805,제주특별자치도 제주시 연동 1121,제주특별자치도 제주시 표본로 82,[샘플]연동숙소1182,,3
1183,농어촌민박업,03_11_00_P,6500000,SAMPLE-01183,20190528,3,폐업,01,폐업,20260827,20260827,제주특별자치도 제주시 한림읍 1360,제주특별자치도 제주시 표본로 220,[샘플]한림읍숙소1183,,1
1184,숙박업,03_11_00_P,6500000,SAMPLE-01184,20260808,1,영업/정상,01,영업/정상,,20260808,제주특별자치도 제주시 애월읍 833,제주특별자치도 제주시 표본로 20,[샘플]애월읍숙소1184,,5
1185,숙박업,03_11_00_P,6500000,SAMPLE-01185,20190418,1,영업/정상,01,영업/정상,,20190418,제주특별자치도 제주시 한림읍 1721,제주특별자치도 제주시 표본로 177,[샘플]한림읍숙소1185,,12
1186,관광숙박업,03_11_00_P,6500000,SAMPLE-01186,20230505,1,영업/정상,01,영업/정상,,20230505,제주특별자치도 서귀포시 중문동 581,제주특별자치도 서귀포시 표본로 115,[샘플]중문동숙소1186,,3
1187,관광숙박업,03_11_00_P,6500000,SAMPLE-01187,20240226,1,영업/정상,01,영업/정상,,20240226,제주특별자치도 제주시 노형동 1016,제주특별자치도 제주시 표본로 252,[샘플]노형동숙소1187,,6
1188,숙박업,03_11_00_P,6500000,SAMPLE-01188,20250210,1,영업/정상,01,영업/정상,,20250210,제주특별자치도 제주시 한경면 692,제주특별자치도 제주시 표본로 45,[샘플]한경면숙소1188,,10
1189,관광숙박업,03_11_00_P,6500000,SAMPLE-01189,20200429,3,폐업,01,폐업,20240830,20240830,제주특별자치도 서귀포시 서홍동 1318,제주특별자치도 서귀포시 표본로 81,[샘플]서홍동숙소1189,,5
1190,관광숙박업,03_11_00_P,6500000,SAMPLE-01190,20260303,1,영업/정상,01,영업/정상,,20260303,제주특별자치도 서귀포시 남원읍 1723,제주특별자치도 서귀포시 표본로 195,[샘플]남원읍숙소1190,,3
1191,숙박업,03_11_00_P,6500000,SAMPLE-01191,20200731,1,영업/정상,01,영업/정상,,20200731,제주특별자치도 제주시 구좌읍 1873,제주특별자치도 제주시 표본로 214,[샘플]구좌읍숙소1191,,7
1192,숙박업,03_11_00_P,6500000,SAMPLE-01192,20251012,1,영업/정상,01,영업/정상,,20251012,제주특별자치도 서귀포시 남원읍 1688,제주특별자치도 서귀포시 표본로 197,[샘플]남원읍숙소1192,,4
1193,농어촌민박업,03_11_00_P,6500000,SAMPLE-01193,20141009,3,폐업,01,폐업,20231125,20231125,제주특별자치도 제주시 삼양동 1611,제주특별자치도 제주시 표본로 85,[샘플]삼양동숙소1193,,11
1194,농어촌민박업,03_11_00_P,6500000,SAMPLE-01194,20230831,3,폐업,01,폐업,20250221,20250221,제주특별자치도 제주시 한림읍 1597,제주특별자치도 제주시 표본로 187,[샘플]한림읍숙소1194,,6
1195,농어촌민박업,03_11_00_P,6500000,SAMPLE-01195,20220309,3,영업/정상,01,휴업,,20220309,제주특별자치도 제주시 구좌읍 670,제주특별자치도 제주시 표본로 6,[샘플]구좌읍숙소1195,,8
1196,관광숙박업,03_11_00_P,6500000,SAMPLE-01196,20200428,1,영업/정상,01,영업/정상,,20200428,제주특별자치도 서귀포시 대륜동 527,제주특별자치도 서귀포시 표본로 237,[샘플]대륜동숙소1196,,3
1197,농어촌민박업,03_11_00_P,6500000,SAMPLE-01197,20241201,1,영업/정상,01,영업/정상,,20241201,제주특별자치도 제주시 한림읍 1609,제주특별자치도 제주시 표본로 281,[샘플]한림읍숙소1197,,12
1198,관광숙박업,03_11_00_P,6500000,SAMPLE-01198,20251004,1,영업/정상,01,영업/정상,,20251004,제주특별자치도 제주시 한경면 1264,제주특별자치도 제주시 표본로 130,[샘플]한경면숙소1198,,1
1199,숙박업,03_11_00_P,6500000,SAMPLE-01199,20260711,1,영업/정상,01,영업/정상,,20260711,제주특별자치도 제주시 애월읍 1235,제주특별자치도 제주시 표본로 158,[샘플]애월읍숙소1199,,10
1200,농어촌민박업,03_11_00_P,6500000,SAMPLE-01200,20210719,1,영업/정상,01,영업/정상,,20210719,제주특별자치도 서귀포시 동홍동 934,제주특별자치도 서귀포시 표본로 116,[샘플]동홍동숙소1200,,2
1201,농어촌민박업,03_11_00_P,6500000,SAMPLE-01201,20191121,1,영업/정상,01,영업/정상,,20191121,제주특별자치도 제주시 애월읍 761,제주특별자치도 제주시 표본로 163,[샘플]애월읍숙소1201,,6
1202,숙박업,03_11_00_P,6500000,SAMPLE-01202,20160112,3,폐업,01,폐업,20251219,20251219,제주특별자치도 제주시 애월읍 1707,제주특별자치도 제주시 표본로 189,[샘플]애월읍숙소1202,,4
1203,농어촌민박업,03_11_00_P,6500000,SAMPLE-01203,20221109,1,영업/정상,01,영업/정상,,20221109,제주특별자치도 제주시 구좌읍 1248,제주특별자치도 제주시 표본로 259,[샘플]구좌읍숙소1203,,9
1204,숙박업,03_11_00_P,6500000,SAMPLE-01204,20170128,3,폐업,01,폐업,20170729,20170729,제주특별자치도 제주시 삼양동 1584,제주특별자치도 제주시 표본로 200,[샘플]삼양동숙소1204,,2
1205,농어촌민박업,03_11_00_P,6500000,SAMPLE-01205,20220308,1,영업/정상,01,영업/정상,,20220308,제주특별자치도 제주시 일도이동 1003,제주특별자치도 제주시 표본로 141,[샘플]일도이동숙소1205,,6
1206,농어촌민박업,03_11_00_P,6500000,SAMPLE-01206,20180325,3,폐업,01,폐업,20230816,20230816,제주특별자치도 제주시 삼양동 1065,제주특별자치도 제주시 표본로 229,[샘플]삼양동숙소1206,,11
1207,농어촌민박업,03_11_00_P,6500000,SAMPLE-01207,20240225,1,영업/정상,01,영업/정상,,20240225,제주특별자치도 서귀포시 대정읍 780,제주특별자치도 서귀포시 표본로 26,[샘플]대정읍숙소1207,,7
1208,농어촌민박업,03_11_00_P,6500000,SAMPLE-01208,20250725,1,영업/정상,01,영업/정상,,20250725,제주특별자치도 서귀포시 대정읍 1659,제주특별자치도 서귀포시 표본로 257,[샘플]대정읍숙소1208,,9
1209,농어촌민박업,03_11_00_P,6500000,SAMPLE-01209,20150920,1,영업/정상,01,영업/정상,,20150920,제주특별자치도 서귀포시 표선면 699,제주특별자치도 서귀포시 표본로 281,[샘플]표선면숙소1209,,8
1210,관광숙박업,03_11_00_P,6500000,SAMPLE-01210,20200812,3,폐업,01,폐업,20240901,20240901,제주특별자치도 제주시 구좌읍 768,제주특별자치도 제주시 표본로 30,[샘플]구좌읍숙소1210,,2
1211,농어촌민박업,03_11_00_P,6500000,SAMPLE-01211,20180401,3,폐업,01,폐업,20221008,20221008,제주특별자치도 서귀포시 서홍동 752,제주특별자치도 서귀포시 표본로 300,[샘플]서홍동숙소1211,,7
1212,숙박업,03_11_00_P,6500000,SAMPLE-01212,20260102,1,영업/정상,01,영업/정상,,20260102,제주특별자치도 서귀포시 성산읍 1783,제주특별자치도 서귀포시 표본로 153,[샘플]성산읍숙소1212,,7
1213,농어촌민박업,03_11_00_P,6500000,SAMPLE-01213,20231011,1,영업/정상,01,영업/정상,,20231011,제주특별자치도 제주시 이도이동 497,제주특별자치도 제주시 표본로 70,[샘플]이도이동숙소1213,,9
1214,숙박업,03_11_00_P,6500000,SAMPLE-01214,20201112,1,영업/정상,01,영업/정상,,20201112,제주특별자치도 서귀포시 표선면 625,제주특별자치도 서귀포시 표본로 292,[샘플]표선면숙소1214,,2
1215,숙박업,03_11_00_P,6500000,SAMPLE-01215,20210824,3,폐업,01,폐업,20220505,20220505,제주특별자치도 서귀포시 동홍동 505,제주특별자치도 서귀포시 표본로 35,[샘플]동홍동숙소1215,,8
1216,농어촌민박업,03_11_00_P,6500000,SAMPLE-01216,20260531,1,영업/정상,01,영업/정상,,20260531,제주특별자치도 서귀포시 중문동 448,제주특별자치도 서귀포시 표본로 48,[샘플]중문동숙소1216,,2
1217,관광숙박업,03_11_00_P,6500000,SAMPLE-01217,20210407,3,폐업,01,폐업,20240128,20240128,제주특별자치도 제주시 한림읍 1044,제주특별자치도 제주시 표본로 188,[샘플]한림읍숙소1217,,1
1218,농어촌민박업,03_11_00_P,6500000,SAMPLE-01218,20190623,3,폐업,01,폐업,20250306,20250306,제주특별자치도 제주시 애월읍 1496,제주특별자치도 제주시 표본로 15,[샘플]애월읍숙소1218,,4
1219,관광숙박업,03_11_00_P,6500000,SAMPLE-01219,20211019,1,영업/정상,01,영업/정상,,20211019,제주특별자치도 서귀포시 남원읍 477,제주특별자치도 서귀포시 표본로 144,[샘플]남원읍숙소1219,,4
1220,숙박업,03_11_00_P,6500000,SAMPLE-01220,20160702,3,폐업,01,폐업,20250331,20250331,제주특별자치도 제주시 노형동 1373,제주특별자치도 제주시 표본로 263,[샘플]노형동숙소1220,,1
1221,농어촌민박업,03_11_00_P,6500000,SAMPLE-01221,20241123,1,영업/정상,01,영업/정상,,20241123,제주특별자치도 제주시 조천읍 843,제주특별자치도 제주시 표본로 37,[샘플]조천읍숙소1221,,1
1222,농어촌민박업,03_11_00_P,6500000,SAMPLE-01222,20161213,1,영업/정상,01,영업/정상,,20161213,제주특별자치도 제주시 애월읍 595,제주특별자치도 제주시 표본로 49,[샘플]애월읍숙소1222,,2
1223,관광숙박업,03_11_00_P,6500000,SAMPLE-01223,20190707,3,폐업,01,폐업,20200320,20200320,제주특별자치도 제주시 조천읍 184,제주특별자치도 제주시 표본로 133,[샘플]조천읍숙소1223,,10
1224,숙박업,03_11_00_P,6500000,SAMPLE-01224,20250214,3,폐업,01,폐업,20251029,20251029,제주특별자치도 서귀포시 중문동 1965,제주특별자치도 서귀포시 표본로 287,[샘플]중문동숙소1224,,2
1225,숙박업,03_11_00_P,6500000,SAMPLE-01225,20121009,1,영업/정상,01,영업/정상,,20121009,제주특별자치도 서귀포시 표선면 1380,제주특별자치도 서귀포시 표본로 96,[샘플]표선면숙소1225,,6
1226,농어촌민박업,03_11_00_P,6500000,SAMPLE-01226,20110715,1,영업/정상,01,영업/정상,,20110715,제주특별자치도 제주시 조천읍 1693,제주특별자치도 제주시 표본로 16,[샘플]조천읍숙소1226,,7
1227,농어촌민박업,03_11_00_P,6500000,SAMPLE-01227,20141104,1,영업/정상,01,영업/정상,,20141104,제주특별자치도 제주시 일도이동 552,제주특별자치도 제주시 표본로 202,[샘플]일도이동숙소1227,,1
1228,숙박업,03_11_00_P,6500000,SAMPLE-01228,20240305,1,영업/정상,01,영업/정상,,20240305,제주특별자치도 제주시 이도이동 658,제주특별자치도 제주시 표본로 41,[샘플]이도이동숙소1228,,8
1229,농어촌민박업,03_11_00_P,6500000,SAMPLE-01229,20180705,3,폐업,01,폐업,20220130,20220130,제주특별자치도 제주시 삼양동 1134,제주특별자치도 제주시 표본로 274,[샘플]삼양동숙소1229,,6
1230,숙박업,03_11_00_P,6500000,SAMPLE-01230,20171103,3,폐업,01,폐업,20220104,20220104,제주특별자치도 제주시 한경면 1307,제주특별자치도 제주시 표본로 123,[샘플]한경면숙소1230,,7
1231,농어촌민박업,03_11_00_P,6500000,SAMPLE-01231,20120706,3,폐업,01,폐업,20131217,20131217,제주특별자치도 제주시 구좌읍 344,제주특별자치도 제주시 표본로 102,[샘플]구좌읍숙소1231,,4
1232,농어촌민박업,03_11_00_P,6500000,SAMPLE-01232,20180831,3,폐업,01,폐업,20221103,20221103,제주특별자치도 제주시 연동 1623,제주특별자치도 제주시 표본로 267,[샘플]연동숙소1232,,7
1233,농어촌민박업,03_11_00_P,6500000,SAMPLE-01233,20140820,3,폐업,01,폐업,20250425,20250425,제주특별자치도 제주시 연동 1100,제주특별자치도 제주시 표본로 111,[샘플]연동숙소1233,,9
1234,숙박업,03_11_00_P,6500000,SAMPLE-01234,20160201,3,폐업,01,폐업,20241209,20241209,제주특별자치도 서귀포시 대륜동 1004,제주특별자치도 서귀포시 표본로 27,[샘플]대륜동숙소1234,,9
1235,숙박업,03_11_00_P,6500000,SAMPLE-01235,20231107,1,영업/정상,01,영업/정상,,20231107,제주특별자치도 제주시 연동 885,제주특별자치도 제주시 표본로 134,[샘플]연동숙소1235,,4
1236,농어촌민박업,03_11_00_P,6500000,SAMPLE-01236,20170111,3,폐업,01,폐업,20180612,20180612,제주특별자치도 서귀포시 안덕면 300,제주특별자치도 서귀포시 표본로 74,[샘플]안덕면숙소1236,,7
1237,숙박업,03_11_00_P,6500000,SAMPLE-01237,20181205,3,폐업,01,폐업,20241113,20241113,제주특별자치도 서귀포시 대정읍 1707,제주특별자치도 서귀포시 표본로 87,[샘플]대정읍숙소1237,,4
1238,농어촌민박업,03_11_00_P,6500000,SAMPLE-01238,20191005,1,영업/정상,01,영업/정상,,20191005,제주특별자치도 제주시 삼양동 472,제주특별자치도 제주시 표본로 270,[샘플]삼양동숙소1238,,9
1239,숙박업,03_11_00_P,6500000,SAMPLE-01239,20180518,1,영업/정상,01,영업/정상,,20180518,제주특별자치도 서귀포시 중문동 924,제주특별자치도 서귀포시 표본로 275,[샘플]중문동숙소1239,,1
1240,농어촌민박업,03_11_00_P,6500000,SAMPLE-01240,20170115,3,폐업,01,폐업,20210709,20210709,제주특별자치도 서귀포시 중문동 1007,제주특별자치도 서귀포시 표본로 263,[샘플]중문동숙소1240,,10
1241,숙박업,03_11_00_P,6500000,SAMPLE-01241,20121218,3,폐업,01,폐업,20200302,20200302,제주특별자치도 서귀포시 안덕면 628,제주특별자치도 서귀포시 표본로 267,[샘플]안덕면숙소1241,,12
1242,숙박업,03_11_00_P,6500000,SAMPLE-01242,20211117,3,폐업,01,폐업,20240831,20240831,제주특별자치도 서귀포시 안덕면 385,제주특별자치도 서귀포시 표본로 101,[샘플]안덕면숙소1242,,12
1243,농어촌민박업,03_11_00_P,6500000,SAMPLE-01243,20220606,1,영업/정상,01,영업/정상,,20220606,제주특별자치도 제주시 노형동 1366,제주특별자치도 제주시 표본로 184,[샘플]노형동숙소1243,,10
1244,숙박업,03_11_00_P,6500000,SAMPLE-01244,20140817,1,영업/정상,01,영업/정상,,20140817,제주특별자치도 서귀포시 표선면 265,제주특별자치도 서귀포시 표본로 223,[샘플]표선면숙소1244,,12
1245,농어촌민박업,03_11_00_P,6500000,SAMPLE-01245,20141019,1,영업/정상,01,영업/정상,,20141019,제주특별자치도 제주시 삼양동 1482,제주특별자치도 제주시 표본로 298,[샘플]삼양동숙소1245,,8
1246,관광숙박업,03_11_00_P,6500000,SAMPLE-01246,20211126,1,영업/정상,01,영업/정상,,20211126,제주특별자치도 제주시 조천읍 579,제주특별자치도 제주시 표본로 152,[샘플]조천읍숙소1246,,11
1247,숙박업,03_11_00_P,6500000,SAMPLE-01247,20190317,1,영업/정상,01,영업/정상,,20190317,제주특별자치도 서귀포시 표선면 961,제주특별자치도 서귀포시 표본로 101,[샘플]표선면숙소1247,,11
1248,숙박업,03_11_00_P,6500000,SAMPLE-01248,20250411,1,영업/정상,01,영업/정상,,20250411,제주특별자치도 제주시 한경면 1387,제주특별자치도 제주시 표본로 121,[샘플]한경면숙소1248,,9
1249,농어촌민박업,03_11_00_P,6500000,SAMPLE-01249,20170325,3,폐업,01,폐업,20220527,20220527,제주특별자치도 제주시 연동 663,제주특별자치도 제주시 표본로 144,[샘플]연동숙소1249,,6
1250,농어촌민박업,03_11_00_P,6500000,SAMPLE-01250,20200720,3,폐업,01,폐업,20240203,20240203,제주특별자치도 서귀포시 안덕면 44,제주특별자치도 서귀포시 표본로 206,[샘플]안덕면숙소1250,,10
1251,농어촌민박업,03_11_00_P,6500000,SAMPLE-01251,20180201,1,영업/정상,01,영업/정상,,20180201,제주특별자치도 서귀포시 표선면 459,제주특별자치도 서귀포시 표본로 68,[샘플]표선면숙소1251,,12
1252,숙박업,03_11_00_P,6500000,SAMPLE-01252,20260814,1,영업/정상,01,영업/정상,,20260814,제주특별자치도 제주시 노형동 1635,제주특별자치도 제주시 표본로 181,[샘플]노형동숙소1252,,2
1253,농어촌민박업,03_11_00_P,6500000,SAMPLE-01253,20180306,3,폐업,01,폐업,20240612,20240612,제주특별자치도 제주시 연동 486,제주특별자치도 제주시 표본로 17,[샘플]연동숙소1253,,6
1254,농어촌민박업,03_11_00_P,6500000,SAMPLE-01254,20210310,3,폐업,01,폐업,20260705,20260705,제주특별자치도 서귀포시 동홍동 1631,제주특별자치도 서귀포시 표본로 214,[샘플]동홍동숙소1254,,4
1255,농어촌민박업,03_11_00_P,6500000,SAMPLE-01255,20210309,1,영업/정상,01,영업/정상,,20210309,제주특별자치도 제주시 애월읍 1326,제주특별자치도 제주시 표본로 167,[샘플]애월읍숙소1255,,12
1256,농어촌민박업,03_11_00_P,6500000,SAMPLE-01256,20201101,1,영업/정상,01,영업/정상,,20201101,제주특별자치도 제주시 연동 456,제주특별자치도 제주시 표본로 122,[샘플]연동숙소1256,,9
1257,농어촌민박업,03_11_00_P,6500000,SAMPLE-01257,20161002,3,폐업,01,폐업,20201019,20201019,제주특별자치도 서귀포시 동홍동 1736,제주특별자치도 서귀포시 표본로 126,[샘플]동홍동숙소1257,,6
1258,숙박업,03_11_00_P,6500000,SAMPLE-01258,20170118,3,폐업,01,폐업,20191007,20191007,제주특별자치도 서귀포시 성산읍 1195,제주특별자치도 서귀포시 표본로 195,[샘플]성산읍숙소1258,,7
1259,농어촌민박업,03_11_00_P,6500000,SAMPLE-01259,20180422,3,폐업,01,폐업,20221001,20221001,제주특별자치도 제주시 조천읍 1596,제주특별자치도 제주시 표본로 61,[샘플]조천읍숙소1259,,11
1260,농어촌민박업,03_11_00_P,6500000,SAMPLE-01260,20201108,1,영업/정상,01,영업/정상,,20201108,제주특별자치도 서귀포시 표선면 1364,제주특별자치도 서귀포시 표본로 198,[샘플]표선면숙소1260,,3
1261,농어촌민박업,03_11_00_P,6500000,SAMPLE-01261,20171231,3,폐업,01,폐업,20201209,20201209,제주특별자치도 서귀포시 대정읍 961,제주특별자치도 서귀포시 표본로 142,[샘플]대정읍숙소1261,,4
1262,숙박업,03_11_00_P,6500000,SAMPLE-01262,20220524,3,폐업,01,폐업,20230919,20230919,제주특별자치도 제주시 한림읍 354,제주특별자치도 제주시 표본로 261,[샘플]한림읍숙소1262,,5
1263,농어촌민박업,03_11_00_P,6500000,SAMPLE-01263,20251023,1,영업/정상,01,영업/정상,,20251023,제주특별자치도 서귀포시 서홍동 1209,제주특별자치도 서귀포시 표본로 51,[샘플]서홍동숙소1263,,4
1264,농어촌민박업,03_11_00_P,6500000,SAMPLE-01264,20240520,1,영업/정상,01,영업/정상,,20240520,제주특별자치도 서귀포시 대륜동 523,제주특별자치도 서귀포시 표본로 162,[샘플]대륜동숙소1264,,2
1265,숙박업,03_11_00_P,6500000,SAMPLE-01265,20160826,1,영업/정상,01,영업/정상,,20160826,제주특별자치도 제주시 삼양동 425,제주특별자치도 제주시 표본로 100,[샘플]삼양동숙소1265,,2
1266,농어촌민박업,03_11_00_P,6500000,SAMPLE-01266,20180722,1,영업/정상,01,영업/정상,,20180722,제주특별자치도 서귀포시 대륜동 1931,제주특별자치도 서귀포시 표본로 225,[샘플]대륜동숙소1266,,3
1267,숙박업,03_11_00_P,6500000,SAMPLE-01267,20191209,1,영업/정상,01,영업/정상,,20191209,제주특별자치도 제주시 조천읍 1036,제주특별자치도 제주시 표본로 297,[샘플]조천읍숙소1267,,3
1268,농어촌민박업,03_11_00_P,6500000,SAMPLE-01268,20190529,1,영업/정상,01,영업/정상,,20190529,제주특별자치도 제주시 조천읍 797,제주특별자치도 제주시 표본로 95,[샘플]조천읍숙소1268,,9
1269,농어촌민박업,03_11_00_P,6500000,SAMPLE-01269,20160101,1,영업/정상,01,영업/정상,,20160101,제주특별자치도 서귀포시 중문동 874,제주특별자치도 서귀포시 표본로 176,[샘플]중문동숙소1269,,12
1270,농어촌민박업,03_11_00_P,6500000,SAMPLE-01270,20191007,1,영업/정상,01,영업/정상,,20191007,제주특별자치도 제주시 조천읍 125,제주특별자치도 제주시 표본로 211,[샘플]조천읍숙소1270,,8
1271,관광숙박업,03_11_00_P,6500000,SAMPLE-01271,20200814,1,영업/정상,01,영업/정상,,20200814,제주특별자치도 서귀포시 성산읍 646,제주특별자치도 서귀포시 표본로 176,[샘플]성산읍숙소1271,,10
1272,농어촌민박업,03_11_00_P,6500000,SAMPLE-01272,20190903,1,영업/정상,01,영업/정상,,20190903,제주특별자치도 제주시 한경면 1766,제주특별자치도 제주시 표본로 273,[샘플]한경면숙소1272,,3
1273,농어촌민박업,03_11_00_P,6500000,SAMPLE-01273,20240707,1,영업/정상,01,영업/정상,,20240707,제주특별자치도 제주시 삼양동 1548,제주특별자치도 제주시 표본로 222,[샘플]삼양동숙소1273,,11
1274,관광숙박업,03_11_00_P,6500000,SAMPLE-01274,20201105,1,영업/정상,01,영업/정상,,20201105,제주특별자치도 제주시 한경면 1388,제주특별자치도 제주시 표본로 249,[샘플]한경면숙소1274,,8
1275,농어촌민박업,03_11_00_P,6500000,SAMPLE-01275,20220213,1,영업/정상,01,영업/정상,,20220213,제주특별자치도 제주시 한림읍 1712,제주특별자치도 제주시 표본로 90,[샘플]한림읍숙소1275,,1
1276,농어촌민박업,03_11_00_P,6500000,SAMPLE-01276,20171015,3,폐업,01,폐업,20181212,20181212,제주특별자치도 서귀포시 중문동 1123,제주특별자치도 서귀포시 표본로 128,[샘플]중문동숙소1276,,2
1277,농어촌민박업,03_11_00_P,6500000,SAMPLE-01277,20201017,1,영업/정상,01,영업/정상,,20201017,제주특별자치도 서귀포시 대정읍 1393,제주특별자치도 서귀포시 표본로 146,[샘플]대정읍숙소1277,,10
1278,숙박업,03_11_00_P,6500000,SAMPLE-01278,20200107,1,영업/정상,01,영업/정상,,20200107,제주특별자치도 제주시 한림읍 485,제주특별자치도 제주시 표본로 187,[샘플]한림읍숙소1278,,7
1279,숙박업,03_11_00_P,6500000,SAMPLE-01279,20221027,3,폐업,01,폐업,20230717,20230717,제주특별자치도 서귀포시 대륜동 1701,제주특별자치도 서귀포시 표본로 218,[샘플]대륜동숙소1279,,9
1280,관광숙박업,03_11_00_P,6500000,SAMPLE-01280,20250131,1,영업/정상,01,영업/정상,,20250131,제주특별자치도 제주시 노형동 1890,제주특별자치도 제주시 표본로 215,[샘플]노형동숙소1280,,6
1281,숙박업,03_11_00_P,6500000,SAMPLE-01281,20210522,1,영업/정상,01,영업/정상,,20210522,제주특별자치도 제주시 이도이동 1841,제주특별자치도 제주시 표본로 272,[샘플]이도이동숙소1281,,3
1282,관광숙박업,03_11_00_P,6500000,SAMPLE-01282,20250628,1,영업/정상,01,영업/정상,,20250628,제주특별자치도 서귀포시 중문동 503,제주특별자치도 서귀포시 표본로 122,[샘플]중문동숙소1282,,6
1283,숙박업,03_11_00_P,6500000,SAMPLE-01283,20220531,1,영업/정상,01,영업/정상,,20220531,제주특별자치도 서귀포시 대정읍 1097,제주특별자치도 서귀포시 표본로 258,[샘플]대정읍숙소1283,,6
1284,농어촌민박업,03_11_00_P,6500000,SAMPLE-01284,20150201,1,영업/정상,01,영업/정상,,20150201,제주특별자치도 제주시 삼양동 457,제주특별자치도 제주시 표본로 237,[샘플]삼양동숙소1284,,12
1285,농어촌민박업,03_11_00_P,6500000,SAMPLE-01285,20220804,1,영업/정상,01,영업/정상,,20220804,제주특별자치도 제주시 노형동 872,제주특별자치도 제주시 표본로 77,[샘플]노형동숙소1285,,10
1286,농어촌민박업,03_11_00_P,6500000,SAMPLE-01286,20151121,3,폐업,01,폐업,20230915,20230915,제주특별자치도 제주시 연동 1712,제주특별자치도 제주시 표본로 277,[샘플]연동숙소1286,,3
1287,농어촌민박업,03_11_00_P,6500000,SAMPLE-01287,20230116,1,영업/정상,01,영업/정상,,20230116,제주특별자치도 제주시 조천읍 38,제주특별자치도 제주시 표본로 19,[샘플]조천읍숙소1287,,6
1288,농어촌민박업,03_11_00_P,6500000,SAMPLE-01288,20130625,1,영업/정상,01,영업/정상,,20130625,제주특별자치도 서귀포시 대정읍 1482,제주특별자치도 서귀포시 표본로 115,[샘플]대정읍숙소1288,,8
1289,농어촌민박업,03_11_00_P,6500000,SAMPLE-01289,20251220,1,영업/정상,01,영업/정상,,20251220,제주특별자치도 제주시 조천읍 476,제주특별자치도 제주시 표본로 189,[샘플]조천읍숙소1289,,1
1290,농어촌민박업,03_11_00_P,6500000,SAMPLE-01290,20220702,1,영업/정상,01,영업/정상,,20220702,제주특별자치도 서귀포시 동홍동 224,제주특별자치도 서귀포시 표본로 4,[샘플]동홍동숙소1290,,10
1291,숙박업,03_11_00_P,6500000,SAMPLE-01291,20230921,1,영업/정상,01,영업/정상,,20230921,제주특별자치도 서귀포시 동홍동 912,제주특별자치도 서귀포시 표본로 103,[샘플]동홍동숙소1291,,2
1292,농어촌민박업,03_11_00_P,6500000,SAMPLE-01292,20260314,1,영업/정상,01,영업/정상,,20260314,제주특별자치도 제주시 한경면 476,제주특별자치도 제주시 표본로 11,[샘플]한경면숙소1292,,11
1293,농어촌민박업,03_11_00_P,6500000,SAMPLE-01293,20210304,1,영업/정상,01,영업/정상,,20210304,제주특별자치도 서귀포시 대정읍 213,제주특별자치도 서귀포시 표본로 49,[샘플]대정읍숙소1293,,1
1294,농어촌민박업,03_11_00_P,6500000,SAMPLE-01294,20200713,3,폐업,01,폐업,20221213,20221213,제주특별자치도 서귀포시 중문동 1923,제주특별자치도 서귀포시 표본로 120,[샘플]중문동숙소1294,,6
1295,관광숙박업,03_11_00_P,6500000,SAMPLE-01295,20200316,1,영업/정상,01,영업/정상,,20200316,제주특별자치도 제주시 한림읍 455,제주특별자치도 제주시 표본로 174,[샘플]한림읍숙소1295,,3
1296,농어촌민박업,03_11_00_P,6500000,SAMPLE-01296,20180929,1,영업/정상,01,영업/정상,,20180929,제주특별자치도 제주시 노형동 3,제주특별자치도 제주시 표본로 173,[샘플]노형동숙소1296,,6
1297,관광숙박업,03_11_00_P,6500000,SAMPLE-01297,20250218,1,영업/정상,01,영업/정상,,20250218,제주특별자치도 제주시 연동 137,제주특별자치도 제주시 표본로 263,[샘플]연동숙소1297,,4
1298,숙박업,03_11_00_P,6500000,SAMPLE-01298,20180805,1,영업/정상,01,영업/정상,,20180805,제주특별자치도 제주시 구좌읍 923,제주특별자치도 제주시 표본로 68,[샘플]구좌읍숙소1298,,12
1299,농어촌민박업,03_11_00_P,6500000,SAMPLE-01299,20230815,1,영업/정상,01,영업/정상,,20230815,제주특별자치도 서귀포시 성산읍 1878,제주특별자치도 서귀포시 표본로 25,[샘플]성산읍숙소1299,,3
1300,숙박업,03_11_00_P,6500000,SAMPLE-01300,20221110,1,영업/정상,01,영업/정상,,20221110,제주특별자치도 제주시 연동 780,제주특별자치도 제주시 표본로 181,[샘플]연동숙소1300,,1
1301,농어촌민박업,03_11_00_P,6500000,SAMPLE-01301,20210311,1,영업/정상,01,영업/정상,,20210311,제주특별자치도 제주시 노형동 1658,제주특별자치도 제주시 표본로 151,[샘플]노형동숙소1301,,1
1302,농어촌민박업,03_11_00_P,6500000,SAMPLE-01302,20230727,1,영업/정상,01,영업/정상,,20230727,제주특별자치도 제주시 연동 1777,제주특별자치도 제주시 표본로 208,[샘플]연동숙소1302,,6
1303,숙박업,03_11_00_P,6500000,SAMPLE-01303,20210519,1,영업/정상,01,영업/정상,,20210519,제주특별자치도 제주시 일도이동 1221,제주특별자치도 제주시 표본로 214,[샘플]일도이동숙소1303,,4
1304,농어촌민박업,03_11_00_P,6500000,SAMPLE-01304,20200501,1,영업/정상,01,영업/정상,,20200501,제주특별자치도 제주시 이도이동 368,제주특별자치도 제주시 표본로 148,[샘플]이도이동숙소1304,,7
1305,관광숙박업,03_11_00_P,6500000,SAMPLE-01305,20220429,1,영업/정상,01,영업/정상,,20220429,제주특별자치도 제주시 삼양동 1554,제주특별자치도 제주시 표본로 147,[샘플]삼양동숙소1305,,6
1306,농어촌민박업,03_11_00_P,6500000,SAMPLE-01306,20191101,3,폐업,01,폐업,20241117,20241117,제주특별자치도 제주시 일도이동 231,제주특별자치도 제주시 표본로 186,[샘플]일도이동숙소1306,,11
1307,숙박업,03_11_00_P,6500000,SAMPLE-01307,20260305,1,영업/정상,01,영업/정상,,20260305,제주특별자치도 서귀포시 대정읍 1087,제주특별자치도 서귀포시 표본로 281,[샘플]대정읍숙소1307,,7
1308,숙박업,03_11_00_P,6500000,SAMPLE-01308,20220426,1,영업/정상,01,영업/정상,,20220426,제주특별자치도 서귀포시 중문동 678,제주특별자치도 서귀포시 표본로 62,[샘플]중문동숙소1308,,6
1309,관광숙박업,03_11_00_P,6500000,SAMPLE-01309,20241230,1,영업/정상,01,영업/정상,,20241230,제주특별자치도 서귀포시 대륜동 1642,제주특별자치도 서귀포시 표본로 209,[샘플]대륜동숙소1309,,8
1310,농어촌민박업,03_11_00_P,6500000,SAMPLE-01310,20230719,1,영업/정상,01,영업/정상,,20230719,제주특별자치도 제주시 일도이동 702,제주특별자치도 제주시 표본로 279,[샘플]일도이동숙소1310,,12
1311,농어촌민박업,03_11_00_P,6500000,SAMPLE-01311,20190426,1,영업/정상,01,영업/정상,,20190426,제주특별자치도 제주시 조천읍 1101,제주특별자치도 제주시 표본로 268,[샘플]조천읍숙소1311,,4
1312,농어촌민박업,03_11_00_P,6500000,SAMPLE-01312,20150121,3,폐업,01,폐업,20250629,20250629,제주특별자치도 제주시 연동 702,제주특별자치도 제주시 표본로 88,[샘플]연동숙소1312,,7
1313,숙박업,03_11_00_P,6500000,SAMPLE-01313,20240501,1,영업/정상,01,영업/정상,,20240501,제주특별자치도 서귀포시 서홍동 25,제주특별자치도 서귀포시 표본로 155,[샘플]서홍동숙소1313,,3
1314,농어촌민박업,03_11_00_P,6500000,SAMPLE-01314,20181005,1,영업/정상,01,영업/정상,,20181005,제주특별자치도 제주시 이도이동 66,제주특별자치도 제주시 표본로 293,[샘플]이도이동숙소1314,,2
1315,농어촌민박업,03_11_00_P,6500000,SAMPLE-01315,20120410,3,폐업,01,폐업,20150617,20150617,제주특별자치도 서귀포시 안덕면 1650,제주특별자치도 서귀포시 표본로 128,[샘플]안덕면숙소1315,,4
1316,농어촌민박업,03_11_00_P,6500000,SAMPLE-01316,20210816,1,영업/정상,01,영업/정상,,20210816,제주특별자치도 서귀포시 남원읍 982,제주특별자치도 서귀포시 표본로 4,[샘플]남원읍숙소1316,,3
1317,숙박업,03_11_00_P,6500000,SAMPLE-01317,20180221,3,폐업,01,폐업,20181029,20181029,제주특별자치도 제주시 한경면 1108,제주특별자치도 제주시 표본로 184,[샘플]한경면숙소1317,,4
1318,숙박업,03_11_00_P,6500000,SAMPLE-01318,20171212,1,영업/정상,01,영업/정상,,20171212,제주특별자치도 제주시 조천읍 1186,제주특별자치도 제주시 표본로 287,[샘플]조천읍숙소1318,,9
1319,숙박업,03_11_00_P,6500000,SAMPLE-01319,20250206,1,영업/정상,01,영업/정상,,20250206,제주특별자치도 제주시 이도이동 1998,제주특별자치도 제주시 표본로 264,[샘플]이도이동숙소1319,,5
1320,관광숙박업,03_11_00_P,6500000,SAMPLE-01320,20201028,3,폐업,01,폐업,20260514,20260514,제주특별자치도 제주시 일도이동 1008,제주특별자치도 제주시 표본로 99,[샘플]일도이동숙소1320,,8
1321,숙박업,03_11_00_P,6500000,SAMPLE-01321,20230820,1,영업/정상,01,영업/정상,,20230820,제주특별자치도 제주시 한경면 1818,제주특별자치도 제주시 표본로 12,[샘플]한경면숙소1321,,8
1322,농어촌민박업,03_11_00_P,6500000,SAMPLE-01322,20231004,1,영업/정상,01,영업/정상,,20231004,제주특별자치도 제주시 구좌읍 765,제주특별자치도 제주시 표본로 287,[샘플]구좌읍숙소1322,,3
1323,숙박업,03_11_00_P,6500000,SAMPLE-01323,20230825,1,영업/정상,01,영업/정상,,20230825,제주특별자치도 서귀포시 표선면 1222,제주특별자치도 서귀포시 표본로 247,[샘플]표선면숙소1323,,6
1324,농어촌민박업,03_11_00_P,6500000,SAMPLE-01324,20130704,3,폐업,01,폐업,20231210,20231210,제주특별자치도 제주시 애월읍 1364,제주특별자치도 제주시 표본로 25,[샘플]애월읍숙소1324,,7
1325,관광숙박업,03_11_00_P,6500000,SAMPLE-01325,20200919,3,폐업,01,폐업,20230307,20230307,제주특별자치도 제주시 한림읍 75,제주특별자치도 제주시 표본로 50,[샘플]한림읍숙소1325,,7
1326,숙박업,03_11_00_P,6500000,SAMPLE-01326,20230708,1,영업/정상,01,영업/정상,,20230708,제주특별자치도 서귀포시 대정읍 1001,제주특별자치도 서귀포시 표본로 270,[샘플]대정읍숙소1326,,10
1327,농어촌민박업,03_11_00_P,6500000,SAMPLE-01327,20140723,1,영업/정상,01,영업/정상,,20140723,제주특별자치도 서귀포시 성산읍 1400,제주특별자치도 서귀포시 표본로 146,[샘플]성산읍숙소1327,,11
1328,숙박업,03_11_00_P,6500000,SAMPLE-01328,20241229,1,영업/정상,01,영업/정상,,20241229,제주특별자치도 제주시 한림읍 776,제주특별자치도 제주시 표본로 180,[샘플]한림읍숙소1328,,11
1329,농어촌민박업,03_11_00_P,6500000,SAMPLE-01329,20111204,3,폐업,01,폐업,20240427,20240427,제주특별자치도 서귀포시 대륜동 1219,제주특별자치도 서귀포시 표본로 144,[샘플]대륜동숙소1329,,3
1330,숙박업,03_11_00_P,6500000,SAMPLE-01330,20151220,1,영업/정상,01,영업/정상,,20151220,제주특별자치도 제주시 한경면 743,제주특별자치도 제주시 표본로 108,[샘플]한경면숙소1330,,6
1331,관광숙박업,03_11_00_P,6500000,SAMPLE-01331,20180602,1,영업/정상,01,영업/정상,,20180602,제주특별자치도 제주시 구좌읍 509,제주특별자치도 제주시 표본로 262,[샘플]구좌읍숙소1331,,3
1332,농어촌민박업,03_11_00_P,6500000,SAMPLE-01332,20260521,1,영업/정상,01,영업/정상,,20260521,제주특별자치도 제주시 삼양동 1404,제주특별자치도 제주시 표본로 164,[샘플]삼양동숙소1332,,12
1333,농어촌민박업,03_11_00_P,6500000,SAMPLE-01333,20250117,1,영업/정상,01,영업/정상,,20250117,제주특별자치도 서귀포시 서홍동 532,제주특별자치도 서귀포시 표본로 118,[샘플]서홍동숙소1333,,12
1334,농어촌민박업,03_11_00_P,6500000,SAMPLE-01334,20181229,1,영업/정상,01,영업/정상,,20181229,제주특별자치도 제주시 연동 793,제주특별자치도 제주시 표본로 181,[샘플]연동숙소1334,,10
1335,농어촌민박업,03_11_00_P,6500000,SAMPLE-01335,20180530,1,영업/정상,01,영업/정상,,20180530,제주특별자치도 제주시 노형동 1692,제주특별자치도 제주시 표본로 298,[샘플]노형동숙소1335,,9
1336,농어촌민박업,03_11_00_P,6500000,SAMPLE-01336,20140508,1,영업/정상,01,영업/정상,,20140508,제주특별자치도 제주시 조천읍 549,제주특별자치도 제주시 표본로 66,[샘플]조천읍숙소1336,,10
1337,농어촌민박업,03_11_00_P,6500000,SAMPLE-01337,20230222,1,영업/정상,01,영업/정상,,20230222,제주특별자치도 제주시 일도이동 1367,제주특별자치도 제주시 표본로 222,[샘플]일도이동숙소1337,,8
1338,농어촌민박업,03_11_00_P,6500000,SAMPLE-01338,20140820,1,영업/정상,01,영업/정상,,20140820,제주특별자치도 제주시 연동 326,제주특별자치도 제주시 표본로 273,[샘플]연동숙소1338,,4
1339,숙박업,03_11_00_P,6500000,SAMPLE-01339,20150529,3,폐업,01,폐업,20250515,20250515,제주특별자치도 제주시 한림읍 550,제주특별자치도 제주시 표본로 204,[샘플]한림읍숙소1339,,5
1340,숙박업,03_11_00_P,6500000,SAMPLE-01340,20220413,3,폐업,01,폐업,20240704,20240704,제주특별자치도 서귀포시 동홍동 161,제주특별자치도 서귀포시 표본로 240,[샘플]동홍동숙소1340,,9
1341,농어촌민박업,03_11_00_P,6500000,SAMPLE-01341,20210609,1,영업/정상,01,영업/정상,,20210609,제주특별자치도 서귀포시 서홍동 1902,제주특별자치도 서귀포시 표본로 69,[샘플]서홍동숙소1341,,6
1342,농어촌민박업,03_11_00_P,6500000,SAMPLE-01342,20160803,1,영업/정상,01,영업/정상,,20160803,제주특별자치도 서귀포시 남원읍 1677,제주특별자치도 서귀포시 표본로 216,[샘플]남원읍숙소1342,,1
1343,숙박업,03_11_00_P,6500000,SAMPLE-01343,20170328,3,폐업,01,폐업,20180607,20180607,제주특별자치도 제주시 구좌읍 1600,제주특별자치도 제주시 표본로 205,[샘플]구좌읍숙소1343,,9
1344,농어촌민박업,03_11_00_P,6500000,SAMPLE-01344,20251203,1,영업/정상,01,영업/정상,,20251203,제주특별자치도 서귀포시 동홍동 932,제주특별자치도 서귀포시 표본로 210,[샘플]동홍동숙소1344,,8
1345,농어촌민박업,03_11_00_P,6500000,SAMPLE-01345,20220405,1,영업/정상,01,영업/정상,,20220405,제주특별자치도 제주시 한림읍 128,제주특별자치도 제주시 표본로 66,[샘플]한림읍숙소1345,,7
1346,농어촌민박업,03_11_00_P,6500000,SAMPLE-01346,20140514,3,폐업,01,폐업,20150720,20150720,제주특별자치도 서귀포시 남원읍 502,제주특별자치도 서귀포시 표본로 182,[샘플]남원읍숙소1346,,11
1347,숙박업,03_11_00_P,6500000,SAMPLE-01347,20141024,3,폐업,01,폐업,20190602,20190602,제주특별자치도 제주시 삼양동 1458,제주특별자치도 제주시 표본로 153,[샘플]삼양동숙소1347,,1
1348,농어촌민박업,03_11_00_P,6500000,SAMPLE-01348,20201109,3,폐업,01,폐업,20260502,20260502,제주특별자치도 서귀포시 동홍동 1449,제주특별자치도 서귀포시 표본로 125,[샘플]동홍동숙소1348,,12
1349,관광숙박업,03_11_00_P,6500000,SAMPLE-01349,20191103,3,폐업,01,폐업,20210607,20210607,제주특별자치도 서귀포시 성산읍 1971,제주특별자치도 서귀포시 표본로 38,[샘플]성산읍숙소1349,,4
1350,숙박업,03_11_00_P,6500000,SAMPLE-01350,20260502,1,영업/정상,01,영업/정상,,20260502,제주특별자치도 제주시 애월읍 56,제주특별자치도 제주시 표본로 178,[샘플]애월읍숙소1350,,3
1351,숙박업,03_11_00_P,6500000,SAMPLE-01351,20150326,1,영업/정상,01,영업/정상,,20150326,제주특별자치도 제주시 한경면 16,제주특별자치도 제주시 표본로 14,[샘플]한경면숙소1351,,8
1352,농어촌민박업,03_11_00_P,6500000,SAMPLE-01352,20220330,1,영업/정상,01,영업/정상,,20220330,제주특별자치도 제주시 한경면 463,제주특별자치도 제주시 표본로 202,[샘플]한경면숙소1352,,2
1353,관광숙박업,03_11_00_P,6500000,SAMPLE-01353,20150517,1,영업/정상,01,영업/정상,,20150517,제주특별자치도 제주시 연동 1688,제주특별자치도 제주시 표본로 13,[샘플]연동숙소1353,,7
1354,농어촌민박업,03_11_00_P,6500000,SAMPLE-01354,20210925,1,영업/정상,01,영업/정상,,20210925,제주특별자치도 서귀포시 동홍동 1868,제주특별자치도 서귀포시 표본로 194,[샘플]동홍동숙소1354,,6
1355,농어촌민박업,03_11_00_P,6500000,SAMPLE-01355,20201224,1,영업/정상,01,영업/정상,,20201224,제주특별자치도 서귀포시 대륜동 1791,제주특별자치도 서귀포시 표본로 31,[샘플]대륜동숙소1355,,8
1356,관광숙박업,03_11_00_P,6500000,SAMPLE-01356,20171101,1,영업/정상,01,영업/정상,,20171101,제주특별자치도 제주시 한림읍 171,제주특별자치도 제주시 표본로 268,[샘플]한림읍숙소1356,,8
1357,숙박업,03_11_00_P,6500000,SAMPLE-01357,20190526,1,영업/정상,01,영업/정상,,20190526,제주특별자치도 서귀포시 성산읍 60,제주특별자치도 서귀포시 표본로 35,[샘플]성산읍숙소1357,,3
1358,농어촌민박업,03_11_00_P,6500000,SAMPLE-01358,20210514,1,영업/정상,01,영업/정상,,20210514,제주특별자치도 제주시 일도이동 1740,제주특별자치도 제주시 표본로 27,[샘플]일도이동숙소1358,,10
1359,숙박업,03_11_00_P,6500000,SAMPLE-01359,20230713,1,영업/정상,01,영업/정상,,20230713,제주특별자치도 제주시 한림읍 966,제주특별자치도 제주시 표본로 227,[샘플]한림읍숙소1359,,4
1360,숙박업,03_11_00_P,6500000,SAMPLE-01360,20191021,1,영업/정상,01,영업/정상,,20191021,제주특별자치도 제주시 연동 1569,제주특별자치도 제주시 표본로 193,[샘플]연동숙소1360,,5
1361,농어촌민박업,03_11_00_P,6500000,SAMPLE-01361,20180418,1,영업/정상,01,영업/정상,,20180418,제주특별자치도 제주시 애월읍 639,제주특별자치도 제주시 표본로 238,[샘플]애월읍숙소1361,,11
1362,숙박업,03_11_00_P,6500000,SAMPLE-01362,20180803,3,폐업,01,폐업,20250616,20250616,제주특별자치도 제주시 이도이동 214,제주특별자치도 제주시 표본로 21,[샘플]이도이동숙소1362,,2
1363,농어촌민박업,03_11_00_P,6500000,SAMPLE-01363,20210408,3,폐업,01,폐업,20240320,20240320,제주특별자치도 제주시 애월읍 85,제주특별자치도 제주시 표본로 123,[샘플]애월읍숙소1363,,4
1364,농어촌민박업,03_11_00_P,6500000,SAMPLE-01364,20240522,1,영업/정상,01,영업/정상,,20240522,제주특별자치도 제주시 애월읍 1832,제주특별자치도 제주시 표본로 153,[샘플]애월읍숙소1364,,6
1365,숙박업,03_11_00_P,6500000,SAMPLE-01365,20220610,1,영업/정상,01,영업/정상,,20220610,제주특별자치도 제주시 애월읍 1888,제주특별자치도 제주시 표본로 18,[샘플]애월읍숙소1365,,7
1366,숙박업,03_11_00_P,6500000,SAMPLE-01366,20250210,1,영업/정상,01,영업/정상,,20250210,제주특별자치도 서귀포시 동홍동 645,제주특별자치도 서귀포시 표본로 15,[샘플]동홍동숙소1366,,12
1367,농어촌민박업,03_11_00_P,6500000,SAMPLE-01367,20180621,1,영업/정상,01,영업/정상,,20180621,제주특별자치도 서귀포시 대륜동 21,제주특별자치도 서귀포시 표본로 151,[샘플]대륜동숙소1367,,8
1368,농어촌민박업,03_11_00_P,6500000,SAMPLE-01368,20230823,1,영업/정상,01,영업/정상,,20230823,제주특별자치도 서귀포시 안덕면 891,제주특별자치도 서귀포시 표본로 68,[샘플]안덕면숙소1368,,3
1369,농어촌민박업,03_11_00_P,6500000,SAMPLE-01369,20240119,1,영업/정상,01,영업/정상,,20240119,제주특별자치도 제주시 일도이동 614,제주특별자치도 제주시 표본로 146,[샘플]일도이동숙소1369,,2
1370,숙박업,03_11_00_P,6500000,SAMPLE-01370,20160119,1,영업/정상,01,영업/정상,,20160119,제주특별자치도 제주시 한림읍 1864,제주특별자치도 제주시 표본로 69,[샘플]한림읍숙소1370,,2
1371,농어촌민박업,03_11_00_P,6500000,SAMPLE-01371,20250817,1,영업/정상,01,영업/정상,,20250817,제주특별자치도 제주시 노형동 914,제주특별자치도 제주시 표본로 187,[샘플]노형동숙소1371,,4
1372,숙박업,03_11_00_P,6500000,SAMPLE-01372,20241225,1,영업/정상,01,영업/정상,,20241225,제주특별자치도 제주시 조천읍 687,제주특별자치도 제주시 표본로 117,[샘플]조천읍숙소1372,,7
1373,숙박업,03_11_00_P,6500000,SAMPLE-01373,20260802,1,영업/정상,01,영업/정상,,20260802,제주특별자치도 제주시 한경면 445,제주특별자치도 제주시 표본로 160,[샘플]한경면숙소1373,,5
1374,농어촌민박업,03_11_00_P,6500000,SAMPLE-01374,20250318,1,영업/정상,01,영업/정상,,20250318,제주특별자치도 서귀포시 동홍동 1725,제주특별자치도 서귀포시 표본로 13,[샘플]동홍동숙소1374,,1
1375,숙박업,03_11_00_P,6500000,SAMPLE-01375,20230402,1,영업/정상,01,영업/정상,,20230402,제주특별자치도 제주시 노형동 396,제주특별자치도 제주시 표본로 31,[샘플]노형동숙소1375,,3
1376,관광숙박업,03_11_00_P,6500000,SAMPLE-01376,20190802,1,영업/정상,01,영업/정상,,20190802,제주특별자치도 서귀포시 동홍동 555,제주특별자치도 서귀포시 표본로 109,[샘플]동홍동숙소1376,,6
1377,숙박업,03_11_00_P,6500000,SAMPLE-01377,20230117,3,폐업,01,폐업,20250604,20250604,제주특별자치도 제주시 삼양동 16,제주특별자치도 제주시 표본로 283,[샘플]삼양동숙소1377,,9
1378,관광숙박업,03_11_00_P,6500000,SAMPLE-01378,20170103,3,폐업,01,폐업,20211118,20211118,제주특별자치도 제주시 이도이동 944,제주특별자치도 제주시 표본로 17,[샘플]이도이동숙소1378,,8
1379,농어촌민박업,03_11_00_P,6500000,SAMPLE-01379,20141114,3,폐업,01,폐업,20161004,20161004,제주특별자치도 제주시 이도이동 334,제주특별자치도 제주시 표본로 101,[샘플]이도이동숙소1379,,7
1380,숙박업,03_11_00_P,6500000,SAMPLE-01380,20160405,3,폐업,01,폐업,20171015,20171015,제주특별자치도 제주시 삼양동 193,제주특별자치도 제주시 표본로 295,[샘플]삼양동숙소1380,,4
1381,숙박업,03_11_00_P,6500000,SAMPLE-01381,20170802,1,영업/정상,01,영업/정상,,20170802,제주특별자치도 제주시 애월읍 1953,제주특별자치도 제주시 표본로 3,[샘플]애월읍숙소1381,,10
1382,숙박업,03_11_00_P,6500000,SAMPLE-01382,20120915,1,영업/정상,01,영업/정상,,20120915,제주특별자치도 제주시 구좌읍 800,제주특별자치도 제주시 표본로 119,[샘플]구좌읍숙소1382,,10
1383,농어촌민박업,03_11_00_P,6500000,SAMPLE-01383,20120509,3,폐업,01,폐업,20230906,20230906,제주특별자치도 제주시 삼양동 715,제주특별자치도 제주시 표본로 288,[샘플]삼양동숙소1383,,2
1384,관광숙박업,03_11_00_P,6500000,SAMPLE-01384,20140504,1,영업/정상,01,영업/정상,,20140504,제주특별자치도 서귀포시 안덕면 69,제주특별자치도 서귀포시 표본로 139,[샘플]안덕면숙소1384,,10
1385,농어촌민박업,03_11_00_P,6500000,SAMPLE-01385,20161016,3,폐업,01,폐업,20200511,20200511,제주특별자치도 제주시 일도이동 264,제주특별자치도 제주시 표본로 81,[샘플]일도이동숙소1385,,7
1386,관광숙박업,03_11_00_P,6500000,SAMPLE-01386,20210306,3,폐업,01,폐업,20260404,20260404,제주특별자치도 제주시 일도이동 150,제주특별자치도 제주시 표본로 29,[샘플]일도이동숙소1386,,8
1387,숙박업,03_11_00_P,6500000,SAMPLE-01387,20150912,1,영업/정상,01,영업/정상,,20150912,제주특별자치도 제주시 조천읍 1867,제주특별자치도 제주시 표본로 142,[샘플]조천읍숙소1387,,10
1388,농어촌민박업,03_11_00_P,6500000,SAMPLE-01388,20200901,1,영업/정상,01,영업/정상,,20200901,제주특별자치도 제주시 노형동 1837,제주특별자치도 제주시 표본로 266,[샘플]노형동숙소1388,,7
1389,농어촌민박업,03_11_00_P,6500000,SAMPLE-01389,20150219,3,폐업,01,폐업,20240410,20240410,제주특별자치도 서귀포시 서홍동 1591,제주특별자치도 서귀포시 표본로 237,[샘플]서홍동숙소1389,,4
1390,숙박업,03_11_00_P,6500000,SAMPLE-01390,20250228,1,영업/정상,01,영업/정상,,20250228,제주특별자치도 서귀포시 표선면 1158,제주특별자치도 서귀포시 표본로 84,[샘플]표선면숙소1390,,1
1391,관광숙박업,03_11_00_P,6500000,SAMPLE-01391,20200607,1,영업/정상,01,영업/정상,,20200607,제주특별자치도 서귀포시 동홍동 1581,제주특별자치도 서귀포시 표본로 265,[샘플]동홍동숙소1391,,5
1392,농어촌민박업,03_11_00_P,6500000,SAMPLE-01392,20240908,1,영업/정상,01,영업/정상,,20240908,제주특별자치도 서귀포시 남원읍 405,제주특별자치도 서귀포시 표본로 132,[샘플]남원읍숙소1392,,10
1393,농어촌민박업,03_11_00_P,6500000,SAMPLE-01393,20120914,3,폐업,01,폐업,20240703,20240703,제주특별자치도 서귀포시 남원읍 1915,제주특별자치도 서귀포시 표본로 7,[샘플]남원읍숙소1393,,8
1394,농어촌민박업,03_11_00_P,6500000,SAMPLE-01394,20140101,1,영업/정상,01,영업/정상,,20140101,제주특별자치도 서귀포시 안덕면 1317,제주특별자치도 서귀포시 표본로 256,[샘플]안덕면숙소1394,,7
1395,숙박업,03_11_00_P,6500000,SAMPLE-01395,20140214,1,영업/정상,01,영업/정상,,20140214,제주특별자치도 서귀포시 남원읍 1208,제주특별자치도 서귀포시 표본로 236,[샘플]남원읍숙소1395,,4
1396,농어촌민박업,03_11_00_P,6500000,SAMPLE-01396,20171108,1,영업/정상,01,영업/정상,,20171108,제주특별자치도 제주시 애월읍 75,제주특별자치도 제주시 표본로 247,[샘플]애월읍숙소1396,,6
1397,농어촌민박업,03_11_00_P,6500000,SAMPLE-01397,20250108,1,영업/정상,01,영업/정상,,20250108,제주특별자치도 서귀포시 서홍동 1281,제주특별자치도 서귀포시 표본로 205,[샘플]서홍동숙소1397,,2
1398,숙박업,03_11_00_P,6500000,SAMPLE-01398,20221209,1,영업/정상,01,영업/정상,,20221209,제주특별자치도 서귀포시 대정읍 1003,제주특별자치도 서귀포시 표본로 180,[샘플]대정읍숙소1398,,5
1399,농어촌민박업,03_11_00_P,6500000,SAMPLE-01399,20150505,3,폐업,01,폐업,20260427,20260427,제주특별자치도 제주시 애월읍 593,제주특별자치도 제주시 표본로 74,[샘플]애월읍숙소1399,,12
1400,숙박업,03_11_00_P,6500000,SAMPLE-01400,20110430,1,영업/정상,01,영업/정상,,20110430,제주특별자치도 제주시 삼양동 968,제주특별자치도 제주시 표본로 223,[샘플]삼양동숙소1400,,7
